#
# A fatal error has been detected by the Java Runtime Environment:
#
#  SIGBUS (0xa) at pc=0x000000010089fc2c, pid=75000, tid=8707
#
# JRE version: OpenJDK Runtime Environment Corretto-17.0.12.7.1 (17.0.12+7) (build 17.0.12+7-LTS)
# Java VM: OpenJDK 64-Bit Server VM Corretto-17.0.12.7.1 (17.0.12+7-LTS, mixed mode, emulated-client, sharing, tiered, compressed oops, compressed class ptrs, g1 gc, bsd-aarch64)
# Problematic frame:
# C  [libzip.dylib+0x13c2c]  newEntry+0x68
#
# No core dump will be written. Core dumps have been disabled. To enable core dumping, try "ulimit -c unlimited" before starting Java again
#
# If you would like to submit a bug report, please visit:
#   https://github.com/corretto/corretto-17/issues/
# The crash happened outside the Java Virtual Machine in native code.
# See problematic frame for where to report the bug.
#

---------------  S U M M A R Y ------------

Command Line: -agentlib:jdwp=transport=dt_socket,address=127.0.0.1:52015,suspend=y,server=n -XX:TieredStopAtLevel=1 -Dspring.output.ansi.enabled=always -Dcom.sun.management.jmxremote -Dspring.jmx.enabled=true -Dspring.liveBeansView.mbeanDomain -Dspring.application.admin.enabled=true -Dmanagement.endpoints.jmx.exposure.include=* -javaagent:/Users/wangguangwu/Library/Caches/JetBrains/IntelliJIdea2024.1/captureAgent/debugger-agent.jar -Dfile.encoding=UTF-8 com.wangguangwu.ordermodule.OrderModuleApplication

Host: "MacBookPro18,4" arm64, 10 cores, 64G, Darwin 23.6.0, macOS 14.6.1 (23G93)
Time: Thu Aug 22 16:29:34 2024 CST elapsed time: 0.340154 seconds (0d 0h 0m 0s)

---------------  T H R E A D  ---------------

Current thread (0x000000012f80b800):  JavaThread "main" [_thread_in_native, id=8707, stack(0x000000016f728000,0x000000016f92b000)]

Stack: [0x000000016f728000,0x000000016f92b000],  sp=0x000000016f928350,  free space=2048k
Native frames: (J=compiled Java code, j=interpreted, Vv=VM code, C=native code)
C  [libzip.dylib+0x13c2c]  newEntry+0x68
C  [libzip.dylib+0x13b00]  ZIP_GetEntry2+0x14c
C  [libzip.dylib+0x14540]  ZIP_FindEntry+0x3c
V  [libjvm.dylib+0x26739c]  ClassPathZipEntry::open_entry(JavaThread*, char const*, int*, bool)+0xb4
V  [libjvm.dylib+0x2674d0]  ClassPathZipEntry::open_stream(JavaThread*, char const*)+0x20
V  [libjvm.dylib+0x26a998]  ClassLoader::load_class(Symbol*, bool, JavaThread*)+0x144
V  [libjvm.dylib+0x9a9e88]  SystemDictionary::load_instance_class_impl(Symbol*, Handle, JavaThread*)+0x2f0
V  [libjvm.dylib+0x9a8644]  SystemDictionary::load_instance_class(unsigned int, Symbol*, Handle, JavaThread*)+0x30
V  [libjvm.dylib+0x9a7cbc]  SystemDictionary::resolve_instance_class_or_null(Symbol*, Handle, Handle, JavaThread*)+0x480
V  [libjvm.dylib+0x9a7290]  SystemDictionary::resolve_or_fail(Symbol*, Handle, Handle, bool, JavaThread*)+0xa0
V  [libjvm.dylib+0x2c9ec8]  ConstantPool::klass_at_impl(constantPoolHandle const&, int, JavaThread*)+0x1e4
V  [libjvm.dylib+0x484c10]  InterpreterRuntime::_new(JavaThread*, ConstantPool*, int)+0xa8
j  com.intellij.rt.debugger.agent.CaptureAgent$CaptureTransformer.transform(Ljava/lang/ClassLoader;Ljava/lang/String;Ljava/lang/Class;Ljava/security/ProtectionDomain;[B)[B+64
J 573 c1 java.lang.instrument.ClassFileTransformer.transform(Ljava/lang/Module;Ljava/lang/ClassLoader;Ljava/lang/String;Ljava/lang/Class;Ljava/security/ProtectionDomain;[B)[B java.instrument@17.0.12 (15 bytes) @ 0x000000010ab769dc [0x000000010ab76940+0x000000000000009c]
J 599 c1 sun.instrument.TransformerManager.transform(Ljava/lang/Module;Ljava/lang/ClassLoader;Ljava/lang/String;Ljava/lang/Class;Ljava/security/ProtectionDomain;[B)[B java.instrument@17.0.12 (100 bytes) @ 0x000000010ab7e5ac [0x000000010ab7e4c0+0x00000000000000ec]
J 598 c1 sun.instrument.InstrumentationImpl.transform(Ljava/lang/Module;Ljava/lang/ClassLoader;Ljava/lang/String;Ljava/lang/Class;Ljava/security/ProtectionDomain;[BZ)[B java.instrument@17.0.12 (73 bytes) @ 0x000000010ab7eb7c [0x000000010ab7ea40+0x000000000000013c]
v  ~StubRoutines::call_stub
V  [libjvm.dylib+0x48f708]  JavaCalls::call_helper(JavaValue*, methodHandle const&, JavaCallArguments*, JavaThread*)+0x38c
V  [libjvm.dylib+0x4ede48]  jni_invoke_nonstatic(JNIEnv_*, JavaValue*, _jobject*, JNICallType, _jmethodID*, JNI_ArgumentPusher*, JavaThread*)+0x394
V  [libjvm.dylib+0x4ef85c]  jni_CallObjectMethod+0x138
C  [libinstrument.dylib+0x3950]  transformClassFile+0x2f0
C  [libinstrument.dylib+0x23f0]  eventHandlerClassFileLoadHook+0x88
V  [libjvm.dylib+0x66a5e8]  JvmtiClassFileLoadHookPoster::post_to_env(JvmtiEnv*, bool)+0xb8
V  [libjvm.dylib+0x66a500]  JvmtiClassFileLoadHookPoster::post_all_envs()+0x110
V  [libjvm.dylib+0x65f6dc]  JvmtiExport::post_class_file_load_hook(Symbol*, Handle, Handle, unsigned char**, unsigned char**, JvmtiCachedClassFileData**)+0x58
V  [libjvm.dylib+0x68887c]  KlassFactory::create_from_stream(ClassFileStream*, Symbol*, ClassLoaderData*, ClassLoadInfo const&, JavaThread*)+0x2c0
V  [libjvm.dylib+0x26aa28]  ClassLoader::load_class(Symbol*, bool, JavaThread*)+0x1d4
V  [libjvm.dylib+0x9a9e88]  SystemDictionary::load_instance_class_impl(Symbol*, Handle, JavaThread*)+0x2f0
V  [libjvm.dylib+0x9a8644]  SystemDictionary::load_instance_class(unsigned int, Symbol*, Handle, JavaThread*)+0x30
V  [libjvm.dylib+0x9a7cbc]  SystemDictionary::resolve_instance_class_or_null(Symbol*, Handle, Handle, JavaThread*)+0x480
V  [libjvm.dylib+0x9a7290]  SystemDictionary::resolve_or_fail(Symbol*, Handle, Handle, bool, JavaThread*)+0xa0
V  [libjvm.dylib+0x2c9ec8]  ConstantPool::klass_at_impl(constantPoolHandle const&, int, JavaThread*)+0x1e4
V  [libjvm.dylib+0x484c10]  InterpreterRuntime::_new(JavaThread*, ConstantPool*, int)+0xa8
j  java.util.concurrent.AbstractExecutorService.newTaskFor(Ljava/util/concurrent/Callable;)Ljava/util/concurrent/RunnableFuture;+0 java.base@17.0.12
j  java.util.concurrent.AbstractExecutorService.submit(Ljava/util/concurrent/Callable;)Ljava/util/concurrent/Future;+14 java.base@17.0.12
j  java.util.concurrent.Executors$DelegatedExecutorService.submit(Ljava/util/concurrent/Callable;)Ljava/util/concurrent/Future;+5 java.base@17.0.12
j  org.springframework.cloud.commons.util.InetUtils.convertAddress(Ljava/net/InetAddress;)Lorg/springframework/cloud/commons/util/InetUtils$HostInfo;+23
j  org.springframework.cloud.commons.util.InetUtils.findFirstNonLoopbackHostInfo()Lorg/springframework/cloud/commons/util/InetUtils$HostInfo;+11
j  org.springframework.cloud.client.HostInfoEnvironmentPostProcessor.getFirstNonLoopbackHostInfo(Lorg/springframework/core/env/ConfigurableEnvironment;)Lorg/springframework/cloud/commons/util/InetUtils$HostInfo;+39
j  org.springframework.cloud.client.HostInfoEnvironmentPostProcessor.postProcessEnvironment(Lorg/springframework/core/env/ConfigurableEnvironment;Lorg/springframework/boot/SpringApplication;)V+2
j  org.springframework.boot.env.EnvironmentPostProcessorApplicationListener.onApplicationEnvironmentPreparedEvent(Lorg/springframework/boot/context/event/ApplicationEnvironmentPreparedEvent;)V+55
j  org.springframework.boot.env.EnvironmentPostProcessorApplicationListener.onApplicationEvent(Lorg/springframework/context/ApplicationEvent;)V+12
j  org.springframework.context.event.SimpleApplicationEventMulticaster.doInvokeListener(Lorg/springframework/context/ApplicationListener;Lorg/springframework/context/ApplicationEvent;)V+2
j  org.springframework.context.event.SimpleApplicationEventMulticaster.invokeListener(Lorg/springframework/context/ApplicationListener;Lorg/springframework/context/ApplicationEvent;)V+34
j  org.springframework.context.event.SimpleApplicationEventMulticaster.multicastEvent(Lorg/springframework/context/ApplicationEvent;Lorg/springframework/core/ResolvableType;)V+83
j  org.springframework.context.event.SimpleApplicationEventMulticaster.multicastEvent(Lorg/springframework/context/ApplicationEvent;)V+7
j  org.springframework.boot.context.event.EventPublishingRunListener.environmentPrepared(Lorg/springframework/boot/ConfigurableBootstrapContext;Lorg/springframework/core/env/ConfigurableEnvironment;)V+21
j  org.springframework.boot.SpringApplicationRunListeners.lambda$environmentPrepared$2(Lorg/springframework/boot/ConfigurableBootstrapContext;Lorg/springframework/core/env/ConfigurableEnvironment;Lorg/springframework/boot/SpringApplicationRunListener;)V+3
j  org.springframework.boot.SpringApplicationRunListeners$$Lambda$147+0x000000e80110ae80.accept(Ljava/lang/Object;)V+12
j  java.util.ArrayList.forEach(Ljava/util/function/Consumer;)V+46 java.base@17.0.12
j  org.springframework.boot.SpringApplicationRunListeners.doWithListeners(Ljava/lang/String;Ljava/util/function/Consumer;Ljava/util/function/Consumer;)V+17
j  org.springframework.boot.SpringApplicationRunListeners.doWithListeners(Ljava/lang/String;Ljava/util/function/Consumer;)V+4
j  org.springframework.boot.SpringApplicationRunListeners.environmentPrepared(Lorg/springframework/boot/ConfigurableBootstrapContext;Lorg/springframework/core/env/ConfigurableEnvironment;)V+10
j  org.springframework.boot.SpringApplication.prepareEnvironment(Lorg/springframework/boot/SpringApplicationRunListeners;Lorg/springframework/boot/DefaultBootstrapContext;Lorg/springframework/boot/ApplicationArguments;)Lorg/springframework/core/env/ConfigurableEnvironment;+27
j  org.springframework.boot.SpringApplication.run([Ljava/lang/String;)Lorg/springframework/context/ConfigurableApplicationContext;+52
j  org.springframework.boot.SpringApplication.run([Ljava/lang/Class;[Ljava/lang/String;)Lorg/springframework/context/ConfigurableApplicationContext;+9
j  org.springframework.boot.SpringApplication.run(Ljava/lang/Class;[Ljava/lang/String;)Lorg/springframework/context/ConfigurableApplicationContext;+9
j  com.wangguangwu.ordermodule.OrderModuleApplication.main([Ljava/lang/String;)V+3
v  ~StubRoutines::call_stub
V  [libjvm.dylib+0x48f708]  JavaCalls::call_helper(JavaValue*, methodHandle const&, JavaCallArguments*, JavaThread*)+0x38c
V  [libjvm.dylib+0x4f6894]  jni_invoke_static(JNIEnv_*, JavaValue*, _jobject*, JNICallType, _jmethodID*, JNI_ArgumentPusher*, JavaThread*)+0x158
V  [libjvm.dylib+0x4fa018]  jni_CallStaticVoidMethod+0x130
C  [libjli.dylib+0xb3c0]  JavaMain+0xb2c
C  [libjli.dylib+0xd7f0]  ThreadJavaMain+0xc
C  [libsystem_pthread.dylib+0x6f94]  _pthread_start+0x88

Java frames: (J=compiled Java code, j=interpreted, Vv=VM code)
j  com.intellij.rt.debugger.agent.CaptureAgent$CaptureTransformer.transform(Ljava/lang/ClassLoader;Ljava/lang/String;Ljava/lang/Class;Ljava/security/ProtectionDomain;[B)[B+64
J 573 c1 java.lang.instrument.ClassFileTransformer.transform(Ljava/lang/Module;Ljava/lang/ClassLoader;Ljava/lang/String;Ljava/lang/Class;Ljava/security/ProtectionDomain;[B)[B java.instrument@17.0.12 (15 bytes) @ 0x000000010ab769dc [0x000000010ab76940+0x000000000000009c]
J 599 c1 sun.instrument.TransformerManager.transform(Ljava/lang/Module;Ljava/lang/ClassLoader;Ljava/lang/String;Ljava/lang/Class;Ljava/security/ProtectionDomain;[B)[B java.instrument@17.0.12 (100 bytes) @ 0x000000010ab7e5ac [0x000000010ab7e4c0+0x00000000000000ec]
J 598 c1 sun.instrument.InstrumentationImpl.transform(Ljava/lang/Module;Ljava/lang/ClassLoader;Ljava/lang/String;Ljava/lang/Class;Ljava/security/ProtectionDomain;[BZ)[B java.instrument@17.0.12 (73 bytes) @ 0x000000010ab7eb7c [0x000000010ab7ea40+0x000000000000013c]
v  ~StubRoutines::call_stub
j  java.util.concurrent.AbstractExecutorService.newTaskFor(Ljava/util/concurrent/Callable;)Ljava/util/concurrent/RunnableFuture;+0 java.base@17.0.12
j  java.util.concurrent.AbstractExecutorService.submit(Ljava/util/concurrent/Callable;)Ljava/util/concurrent/Future;+14 java.base@17.0.12
j  java.util.concurrent.Executors$DelegatedExecutorService.submit(Ljava/util/concurrent/Callable;)Ljava/util/concurrent/Future;+5 java.base@17.0.12
j  org.springframework.cloud.commons.util.InetUtils.convertAddress(Ljava/net/InetAddress;)Lorg/springframework/cloud/commons/util/InetUtils$HostInfo;+23
j  org.springframework.cloud.commons.util.InetUtils.findFirstNonLoopbackHostInfo()Lorg/springframework/cloud/commons/util/InetUtils$HostInfo;+11
j  org.springframework.cloud.client.HostInfoEnvironmentPostProcessor.getFirstNonLoopbackHostInfo(Lorg/springframework/core/env/ConfigurableEnvironment;)Lorg/springframework/cloud/commons/util/InetUtils$HostInfo;+39
j  org.springframework.cloud.client.HostInfoEnvironmentPostProcessor.postProcessEnvironment(Lorg/springframework/core/env/ConfigurableEnvironment;Lorg/springframework/boot/SpringApplication;)V+2
j  org.springframework.boot.env.EnvironmentPostProcessorApplicationListener.onApplicationEnvironmentPreparedEvent(Lorg/springframework/boot/context/event/ApplicationEnvironmentPreparedEvent;)V+55
j  org.springframework.boot.env.EnvironmentPostProcessorApplicationListener.onApplicationEvent(Lorg/springframework/context/ApplicationEvent;)V+12
j  org.springframework.context.event.SimpleApplicationEventMulticaster.doInvokeListener(Lorg/springframework/context/ApplicationListener;Lorg/springframework/context/ApplicationEvent;)V+2
j  org.springframework.context.event.SimpleApplicationEventMulticaster.invokeListener(Lorg/springframework/context/ApplicationListener;Lorg/springframework/context/ApplicationEvent;)V+34
j  org.springframework.context.event.SimpleApplicationEventMulticaster.multicastEvent(Lorg/springframework/context/ApplicationEvent;Lorg/springframework/core/ResolvableType;)V+83
j  org.springframework.context.event.SimpleApplicationEventMulticaster.multicastEvent(Lorg/springframework/context/ApplicationEvent;)V+7
j  org.springframework.boot.context.event.EventPublishingRunListener.environmentPrepared(Lorg/springframework/boot/ConfigurableBootstrapContext;Lorg/springframework/core/env/ConfigurableEnvironment;)V+21
j  org.springframework.boot.SpringApplicationRunListeners.lambda$environmentPrepared$2(Lorg/springframework/boot/ConfigurableBootstrapContext;Lorg/springframework/core/env/ConfigurableEnvironment;Lorg/springframework/boot/SpringApplicationRunListener;)V+3
j  org.springframework.boot.SpringApplicationRunListeners$$Lambda$147+0x000000e80110ae80.accept(Ljava/lang/Object;)V+12
j  java.util.ArrayList.forEach(Ljava/util/function/Consumer;)V+46 java.base@17.0.12
j  org.springframework.boot.SpringApplicationRunListeners.doWithListeners(Ljava/lang/String;Ljava/util/function/Consumer;Ljava/util/function/Consumer;)V+17
j  org.springframework.boot.SpringApplicationRunListeners.doWithListeners(Ljava/lang/String;Ljava/util/function/Consumer;)V+4
j  org.springframework.boot.SpringApplicationRunListeners.environmentPrepared(Lorg/springframework/boot/ConfigurableBootstrapContext;Lorg/springframework/core/env/ConfigurableEnvironment;)V+10
j  org.springframework.boot.SpringApplication.prepareEnvironment(Lorg/springframework/boot/SpringApplicationRunListeners;Lorg/springframework/boot/DefaultBootstrapContext;Lorg/springframework/boot/ApplicationArguments;)Lorg/springframework/core/env/ConfigurableEnvironment;+27
j  org.springframework.boot.SpringApplication.run([Ljava/lang/String;)Lorg/springframework/context/ConfigurableApplicationContext;+52
j  org.springframework.boot.SpringApplication.run([Ljava/lang/Class;[Ljava/lang/String;)Lorg/springframework/context/ConfigurableApplicationContext;+9
j  org.springframework.boot.SpringApplication.run(Ljava/lang/Class;[Ljava/lang/String;)Lorg/springframework/context/ConfigurableApplicationContext;+9
j  com.wangguangwu.ordermodule.OrderModuleApplication.main([Ljava/lang/String;)V+3
v  ~StubRoutines::call_stub

siginfo: si_signo: 10 (SIGBUS), si_code: 1 (BUS_ADRALN), si_addr: 0x00000001007a4fff

Registers:
 x0=0x000060000268aee0  x1=0x00000000eb61b097  x2=0x0000000000000050  x3=0x0000000000000004
 x4=0x0000000000000002  x5=0x0000000000002ee0  x6=0x000060000268aee0  x7=0x0000000000000000
 x8=0x000000010089cfe3  x9=0x00000000000fcfe3 x10=0x00000000000f8000 x11=0x0000000000000050
x12=0x00006000007ba298 x13=0x00000000001ff800 x14=0x00000000000007fb x15=0x00000000eb61b097
x16=0x0000000000000096 x17=0x00000000eb81a896 x18=0x0000000000000000 x19=0x000060000268aee0
x20=0x0000000000000000 x21=0x00006000030b00c0 x22=0x00000001007a4fe3 x23=0x000000000dc880ea
x24=0x000000000000002f x25=0x0000000000000045 x26=0x000060000268af08 x27=0x000000011f019a00
x28=0x000000010108c5a0  fp=0x000000016f9283d0  lr=0x000000010089fbf8  sp=0x000000016f928350
pc=0x000000010089fc2c cpsr=0x0000000060001000

Register to memory mapping:

 x0=0x000060000268aee0 points into unknown readable memory: 0x0000000000000000 | 00 00 00 00 00 00 00 00
 x1=0x00000000eb61b097 is an unknown value
 x2=0x0000000000000050 is an unknown value
 x3=0x0000000000000004 is an unknown value
 x4=0x0000000000000002 is an unknown value
 x5=0x0000000000002ee0 is an unknown value
 x6=0x000060000268aee0 points into unknown readable memory: 0x0000000000000000 | 00 00 00 00 00 00 00 00
 x7=0x0 is NULL
 x8=0x000000010089cfe3: compress_block+0x17 in /Users/wangguangwu/Library/Java/JavaVirtualMachines/corretto-17.0.12/Contents/Home/lib/libzip.dylib at 0x000000010088c000
 x9=0x00000000000fcfe3 is an unknown value
x10=0x00000000000f8000 is an unknown value
x11=0x0000000000000050 is an unknown value
x12=0x00006000007ba298 points into unknown readable memory: 0x00000000eb81a896 | 96 a8 81 eb 00 00 00 00
x13=0x00000000001ff800 is an unknown value
x14=0x00000000000007fb is an unknown value
x15=0x00000000eb61b097 is an unknown value
x16=0x0000000000000096 is an unknown value
x17=0x00000000eb81a896 is an unknown value
x18=0x0 is NULL
x19=0x000060000268aee0 points into unknown readable memory: 0x0000000000000000 | 00 00 00 00 00 00 00 00
x20=0x0 is NULL
x21=0x00006000030b00c0 points into unknown readable memory: 0x00006000021bc6c0 | c0 c6 1b 02 00 60 00 00
x22=0x00000001007a4fe3 points into unknown readable memory: 50 4b 01 02 00
x23=0x000000000dc880ea is an unknown value
x24=0x000000000000002f is an unknown value
x25=0x0000000000000045 is an unknown value
x26=0x000060000268af08 points into unknown readable memory: 0x0000000000000000 | 00 00 00 00 00 00 00 00
x27=0x000000011f019a00 points into unknown readable memory: 0xffffffff5bbd78a2 | a2 78 bd 5b ff ff ff ff
x28=0x000000010108c5a0 points into unknown readable memory: 0x65746e692f6d6f63 | 63 6f 6d 2f 69 6e 74 65


Top of Stack: (sp=0x000000016f928350)
0x000000016f928350:   0000000000000000 0000000000000000
0x000000016f928360:   0000000000000000 0000000000000000
0x000000016f928370:   0000000000000000 0000000000000000
0x000000016f928380:   000000010108c5a0 000000011f019a00
0x000000016f928390:   000000000000009a 0000000000000045
0x000000016f9283a0:   000000000000002f 000000000dc880ea
0x000000016f9283b0:   000060000268ae40 0000000000000000
0x000000016f9283c0:   000000010108c5e0 00006000030b00c0
0x000000016f9283d0:   000000016f928430 000000010089fb00
0x000000016f9283e0:   000000010108c5a0 000000000000003f
0x000000016f9283f0:   0000000000000001 000000010108c5e0
0x000000016f928400:   000000012f80bb40 000000010108c5e0
0x000000016f928410:   00006000030b00c0 000000010108c5e0
0x000000016f928420:   000000016f92855c 000000016f928474
0x000000016f928430:   000000016f928460 00000001008a0540
0x000000016f928440:   000000016f92855c 0000600000bbc4e0
0x000000016f928450:   0000000000000000 000000012f80b800
0x000000016f928460:   000000016f928540 0000000101f2f39c
0x000000016f928470:   00000001027ac497 0000000000000100
0x000000016f928480:   000000016f9284a0 0000000102210614
0x000000016f928490:   00000001027ac497 000000016f928520
0x000000016f9284a0:   000000016f9284f0 0000000101f343cc
0x000000016f9284b0:   0000000000000000 0000000000000000
0x000000016f9284c0:   0000000000000001 0000000120089548
0x000000016f9284d0:   000000012f80b800 00000000000083b0
0x000000016f9284e0:   00000001027c139a 000000016f9285e8
0x000000016f9284f0:   000000016f928510 98e27b36869300f2
0x000000016f928500:   0000000000000001 000000010108c5e0
0x000000016f928510:   0000600000bbc4e0 0000000120089548
0x000000016f928520:   000000012f80b800 00000000000083b0
0x000000016f928530:   000000010108a200 0000600000bbc4e0
0x000000016f928540:   000000016f928570 0000000101f2f4d0 

Instructions: (pc=0x000000010089fc2c)
0x000000010089fb2c:   4c 15 40 38 7f 01 0c 6b 60 ff ff 54 de ff ff 17
0x000000010089fb3c:   16 00 80 d2 76 01 00 b5 55 01 00 34 3f 07 00 f1
0x000000010089fb4c:   eb f7 ff 54 28 07 00 51 88 4a 68 38 1f bd 00 71
0x000000010089fb5c:   61 f7 ff 54 16 00 80 d2 02 00 00 14 7f 4e 00 f9
0x000000010089fb6c:   60 2a 40 f9 a7 04 00 94 e0 03 16 aa fd 7b 45 a9
0x000000010089fb7c:   f4 4f 44 a9 f6 57 43 a9 f8 5f 42 a9 fa 67 41 a9
0x000000010089fb8c:   fc 6f c6 a8 c0 03 5f d6 3f 00 03 6b e1 00 00 54
0x000000010089fb9c:   21 04 00 71 eb 00 00 54 08 14 40 38 49 14 40 38
0x000000010089fbac:   1f 01 09 6b 60 ff ff 54 00 00 80 52 c0 03 5f d6
0x000000010089fbbc:   20 00 80 52 c0 03 5f d6 ff 43 02 d1 fc 6f 03 a9
0x000000010089fbcc:   fa 67 04 a9 f8 5f 05 a9 f6 57 06 a9 f4 4f 07 a9
0x000000010089fbdc:   fd 7b 08 a9 fd 03 02 91 f4 03 02 aa f6 03 01 aa
0x000000010089fbec:   f5 03 00 aa 00 09 80 52 ad 04 00 94 f3 03 00 aa
0x000000010089fbfc:   40 13 00 b4 7f 02 00 f9 fa 03 13 aa 5f 8f 02 f8
0x000000010089fc0c:   7f 1a 00 f9 a8 c2 40 39 88 02 00 34 a8 0e 40 f9
0x000000010089fc1c:   c9 06 40 f9 aa 16 40 f9 08 01 09 8b 16 01 0a cb
0x000000010089fc2c:   d8 3a 40 79 d7 7a 40 39 db 7e 40 39 c8 42 40 79
0x000000010089fc3c:   e8 17 00 f9 c8 0e 40 b9 68 06 00 f9 c8 1a 40 b9
0x000000010089fc4c:   e8 0f 00 f9 68 0a 00 f9 c8 16 40 79 88 04 00 34
0x000000010089fc5c:   c8 16 40 b9 23 00 00 14 d7 06 40 f9 34 0d 00 34
0x000000010089fc6c:   a8 1e 40 f9 88 02 00 b4 a9 22 40 f9 3f 01 17 eb
0x000000010089fc7c:   2c 02 00 54 4a fa 83 52 2a 01 0a 8b 5f 01 17 eb
0x000000010089fc8c:   ab 01 00 54 2a 09 40 91 08 01 17 8b 16 01 09 cb
0x000000010089fc9c:   c8 3a 40 79 c9 3e 40 79 cb 42 40 79 e8 02 08 8b
0x000000010089fcac:   08 01 09 8b 08 01 0b 8b 08 b9 00 91 1f 01 0a eb
0x000000010089fcbc:   2d 0b 00 54 e0 03 15 aa e1 03 17 aa 02 00 84 52
0x000000010089fccc:   b8 03 00 94 f6 03 00 aa 80 0a 00 b4 a0 1e 40 f9
0x000000010089fcdc:   64 04 00 94 b6 de 03 a9 d2 ff ff 17 08 00 80 d2
0x000000010089fcec:   fc 03 08 aa 68 0e 00 f9 c8 12 40 b9 68 22 00 b9
0x000000010089fcfc:   c9 a2 42 b8 a8 5e 40 f9 e9 0b 00 f9 08 01 09 8b
0x000000010089fd0c:   e8 03 08 cb 68 1e 00 f9 c8 12 40 79 68 42 00 b9
0x000000010089fd1c:   00 07 00 91 62 04 00 94 f9 03 00 aa 60 02 00 f9 


Stack slot to memory mapping:
stack at sp + 0 slots: 0x0 is NULL
stack at sp + 1 slots: 0x0 is NULL
stack at sp + 2 slots: 0x0 is NULL
stack at sp + 3 slots: 0x0 is NULL
stack at sp + 4 slots: 0x0 is NULL
stack at sp + 5 slots: 0x0 is NULL
stack at sp + 6 slots: 0x000000010108c5a0 points into unknown readable memory: 0x65746e692f6d6f63 | 63 6f 6d 2f 69 6e 74 65
stack at sp + 7 slots: 0x000000011f019a00 points into unknown readable memory: 0xffffffff5bbd78a2 | a2 78 bd 5b ff ff ff ff


Compiled method (c1)     349  573       1       java.lang.instrument.ClassFileTransformer::transform (15 bytes)
 total in heap  [0x000000010ab76790,0x000000010ab76ae0] = 848
 relocation     [0x000000010ab768e8,0x000000010ab76908] = 32
 main code      [0x000000010ab76940,0x000000010ab76a40] = 256
 stub code      [0x000000010ab76a40,0x000000010ab76a78] = 56
 metadata       [0x000000010ab76a78,0x000000010ab76a88] = 16
 scopes data    [0x000000010ab76a88,0x000000010ab76aa8] = 32
 scopes pcs     [0x000000010ab76aa8,0x000000010ab76ad8] = 48
 dependencies   [0x000000010ab76ad8,0x000000010ab76ae0] = 8

[Constant Pool (empty)]

[MachCode]
[Entry Point]
  # {method} {0x00000001280dfa90} 'transform' '(Ljava/lang/Module;Ljava/lang/ClassLoader;Ljava/lang/String;Ljava/lang/Class;Ljava/security/ProtectionDomain;[B)[B' in 'java/lang/instrument/ClassFileTransformer'
  # this:     c_rarg1:c_rarg1 
                        = 'java/lang/instrument/ClassFileTransformer'
  # parm0:    c_rarg2:c_rarg2 
                        = 'java/lang/Module'
  # parm1:    c_rarg3:c_rarg3 
                        = 'java/lang/ClassLoader'
  # parm2:    c_rarg4:c_rarg4 
                        = 'java/lang/String'
  # parm3:    c_rarg5:c_rarg5 
                        = 'java/lang/Class'
  # parm4:    c_rarg6:c_rarg6 
                        = 'java/security/ProtectionDomain'
  # parm5:    c_rarg7:c_rarg7 
                        = '[B'
  #           [sp+0x90]  (sp of caller)
  0x000000010ab76940: 2808 40b9 | 3f01 086b | c001 0054 

  0x000000010ab7694c: ;   {runtime_call ic_miss_stub}
  0x000000010ab7694c: adb8 f217 | 1f20 03d5 | 1f20 03d5 | 1f20 03d5 | 1f20 03d5 | 1f20 03d5 | 1f20 03d5 | 1f20 03d5 
  0x000000010ab7696c: 1f20 03d5 | 1f20 03d5 | 1f20 03d5 | 1f20 03d5 | 1f20 03d5 
[Verified Entry Point]
  0x000000010ab76980: 1f20 03d5 | e953 40d1 | 3f01 00f9 | ff43 02d1 | fd7b 08a9 | e233 00f9 | e203 03aa | e32f 00f9 
  0x000000010ab769a0: e303 04aa | e42b 00f9 | e403 05aa | e527 00f9 | e503 06aa | e623 00f9 | e603 07aa | ee03 01aa 
  0x000000010ab769c0: e103 0eaa | e737 00f9 | ee1f 00f9 | 09fc 9cd2 | c90b a0f2 | 0900 ccf2 

  0x000000010ab769d8: ; ImmutableOopMap {[56]=Oop [64]=Oop [72]=Oop [80]=Oop [88]=Oop [96]=Oop [104]=Oop }
                      ;*invokeinterface transform {reexecute=0 rethrow=0 return_oop=0}
                      ; - java.lang.instrument.ClassFileTransformer::transform@9 (line 244)
                      ;   {virtual_call}
  0x000000010ab769d8: 4ccd f597 | fd7b 48a9 | ff43 0291 

  0x000000010ab769e4: ;   {poll_return}
  0x000000010ab769e4: 88a7 41f9 | ff63 28eb | 4800 0054 | c003 5fd6 

  0x000000010ab769f4: ;   {internal_word}
  0x000000010ab769f4: 88ff ff10 | 88b3 01f9 

  0x000000010ab769fc: ;   {runtime_call SafepointBlob}
  0x000000010ab769fc: 01d2 f217 | 1f20 03d5 | 1f20 03d5 | 80ef 41f9 | 9fef 01f9 | 9ff3 01f9 | fd7b 48a9 | ff43 0291 
  0x000000010ab76a1c: ;   {runtime_call unwind_exception Runtime1 stub}
  0x000000010ab76a1c: f98e f517 | 0000 0000 | 0000 0000 | 0000 0000 | 0000 0000 | 0000 0000 | 0000 0000 | 0000 0000 
  0x000000010ab76a3c: 0000 0000 
[Stub Code]
  0x000000010ab76a40: ;   {no_reloc}
  0x000000010ab76a40: df3f 03d5 

  0x000000010ab76a44: ;   {metadata(NULL)}
  0x000000010ab76a44: 0c00 80d2 | 0c00 a0f2 | 0c00 c0f2 | 0800 80d2 | 0800 a0f2 | 0800 c0f2 | 0001 1fd6 
[Exception Handler]
  0x000000010ab76a60: ;   {runtime_call handle_exception_from_callee Runtime1 stub}
  0x000000010ab76a60: e89a f597 | c1d5 bbd4 | eca9 7b02 | 0100 0000 
[Deopt Handler Code]
  0x000000010ab76a70: 1e00 0010 

  0x000000010ab76a74: ;   {runtime_call DeoptimizationBlob}
  0x000000010ab76a74: b3d2 f217 
[/MachCode]


Compiled method (c1)     351  599   !   1       sun.instrument.TransformerManager::transform (100 bytes)
 total in heap  [0x000000010ab7e310,0x000000010ab7e850] = 1344
 relocation     [0x000000010ab7e468,0x000000010ab7e490] = 40
 main code      [0x000000010ab7e4c0,0x000000010ab7e680] = 448
 stub code      [0x000000010ab7e680,0x000000010ab7e6b8] = 56
 metadata       [0x000000010ab7e6b8,0x000000010ab7e6e8] = 48
 scopes data    [0x000000010ab7e6e8,0x000000010ab7e7b0] = 200
 scopes pcs     [0x000000010ab7e7b0,0x000000010ab7e810] = 96
 dependencies   [0x000000010ab7e810,0x000000010ab7e820] = 16
 handler table  [0x000000010ab7e820,0x000000010ab7e838] = 24
 nul chk table  [0x000000010ab7e838,0x000000010ab7e850] = 24

[Constant Pool (empty)]

[MachCode]
[Entry Point]
  # {method} {0x0000000128029100} 'transform' '(Ljava/lang/Module;Ljava/lang/ClassLoader;Ljava/lang/String;Ljava/lang/Class;Ljava/security/ProtectionDomain;[B)[B' in 'sun/instrument/TransformerManager'
  # this:     c_rarg1:c_rarg1 
                        = 'sun/instrument/TransformerManager'
  # parm0:    c_rarg2:c_rarg2 
                        = 'java/lang/Module'
  # parm1:    c_rarg3:c_rarg3 
                        = 'java/lang/ClassLoader'
  # parm2:    c_rarg4:c_rarg4 
                        = 'java/lang/String'
  # parm3:    c_rarg5:c_rarg5 
                        = 'java/lang/Class'
  # parm4:    c_rarg6:c_rarg6 
                        = 'java/security/ProtectionDomain'
  # parm5:    c_rarg7:c_rarg7 
                        = '[B'
  #           [sp+0xd0]  (sp of caller)
  0x000000010ab7e4c0: 2808 40b9 | 3f01 086b | c001 0054 

  0x000000010ab7e4cc: ;   {runtime_call ic_miss_stub}
  0x000000010ab7e4cc: cd99 f217 | 1f20 03d5 | 1f20 03d5 | 1f20 03d5 | 1f20 03d5 | 1f20 03d5 | 1f20 03d5 | 1f20 03d5 
  0x000000010ab7e4ec: 1f20 03d5 | 1f20 03d5 | 1f20 03d5 | 1f20 03d5 | 1f20 03d5 
[Verified Entry Point]
  0x000000010ab7e500: 1f20 03d5 | e953 40d1 | 3f01 00f9 | ff43 03d1 | fd7b 0ca9 | e137 00f9 | e38b 08a9 | e443 00f9 
  0x000000010ab7e520: e51b 05a9 | e733 00f9 | 2010 40b9 | 00f0 7dd3 | e04f 00f9 | ea03 07aa | 0b00 a052 | 0c00 a052 
  0x000000010ab7e540: ec7b 00b9 

  0x000000010ab7e544: ; implicit exception: dispatches to 0x000000010ab7e63c
  0x000000010ab7e544: 0d0c 40b9 | 7f01 0d6b | 2a06 0054 | 6d7d 4093 | adf5 7ed3 | ad41 0091 | 0d68 6db8 | adf1 7dd3 
  0x000000010ab7e564: ; implicit exception: dispatches to 0x000000010ab7e640
  0x000000010ab7e564: ae0d 40b9 | cef1 7dd3 | ef03 02aa | e203 0faa | f003 03aa | e303 10aa | f103 04aa | e403 11aa 
  0x000000010ab7e584: e51b 45a9 | e703 0aaa | e103 0eaa | ee37 0aa9 | eb7f 00b9 | ea3b 00f9 | 092c 98d2 | a90b a0f2 
  0x000000010ab7e5a4: 0900 ccf2 

  0x000000010ab7e5a8: ; ImmutableOopMap {[80]=Oop [88]=Oop [96]=Oop [104]=Oop [168]=Oop [112]=Oop [128]=Oop [136]=Oop [144]=Oop [160]=Oop [152]=Oop }
                      ;*invokeinterface transform {reexecute=0 rethrow=0 return_oop=0}
                      ; - sun.instrument.TransformerManager::transform@52 (line 188)
                      ;   {virtual_call}
  0x000000010ab7e5a8: 28af f597 | 0500 0014 | 80ef 41f9 | 9fef 01f9 | 9ff3 01f9 | e003 1faa | e103 1faa | 1f00 01eb 
  0x000000010ab7e5c8: 8100 0054 | ea3b 40f9 | ec7b 40b9 | 0300 0014 | ea03 00aa | ec03 0032 | ee37 4aa9 | eb7f 40b9 
  0x000000010ab7e5e8: 6105 0011 

  0x000000010ab7e5ec: ; ImmutableOopMap {[80]=Oop [88]=Oop [96]=Oop [104]=Oop [128]=Oop [136]=Oop [144]=Oop [152]=Oop c_rarg0=Oop r10=Oop r14=Oop r13=Oop }
                      ;*goto {reexecute=1 rethrow=0 return_oop=0}
                      ; - (reexecute) sun.instrument.TransformerManager::transform@79 (line 182)
  0x000000010ab7e5ec: 88ab 41f9 

  0x000000010ab7e5f0: ;   {poll}
  0x000000010ab7e5f0: 1f01 40b9 | eb03 01aa | ec7b 00b9 | e04f 40f9 | e51b 45a9 | e40f 48a9 | e24b 40f9 | ceff ff17 
  0x000000010ab7e610: ec7b 40b9 | 9f01 0071 | 4100 0054 | ea03 1faa | e003 0aaa | fd7b 4ca9 | ff43 0391 

  0x000000010ab7e62c: ;   {poll_return}
  0x000000010ab7e62c: 88a7 41f9 | ff63 28eb | 8800 0054 | c003 5fd6 

  0x000000010ab7e63c: ; ImmutableOopMap {c_rarg2=Oop [144]=Oop c_rarg3=Oop [136]=Oop c_rarg4=Oop [128]=Oop c_rarg5=Oop [80]=Oop c_rarg6=Oop [88]=Oop c_rarg0=Oop [152]=Oop r10=Oop [104]=Oop [96]=Oop }
                      ;*arraylength {reexecute=0 rethrow=0 return_oop=0}
                      ; - sun.instrument.TransformerManager::transform@20 (line 182)
                      ;   {runtime_call throw_null_pointer_exception Runtime1 stub}
  0x000000010ab7e63c: b173 f597 

  0x000000010ab7e640: ; ImmutableOopMap {c_rarg2=Oop [144]=Oop c_rarg3=Oop [136]=Oop c_rarg4=Oop [128]=Oop c_rarg5=Oop [80]=Oop c_rarg6=Oop [88]=Oop c_rarg0=Oop [152]=Oop r10=Oop [96]=Oop [104]=Oop r13=Oop }
                      ;*invokevirtual transformer {reexecute=0 rethrow=0 return_oop=0}
                      ; - sun.instrument.TransformerManager::transform@33 (line 184)
                      ;   {runtime_call throw_null_pointer_exception Runtime1 stub}
  0x000000010ab7e640: b073 f597 

  0x000000010ab7e644: ;   {internal_word}
  0x000000010ab7e644: 48ff ff10 | 88b3 01f9 

  0x000000010ab7e64c: ;   {runtime_call SafepointBlob}
  0x000000010ab7e64c: edb2 f217 | 1f20 03d5 | 1f20 03d5 | 80ef 41f9 | 9fef 01f9 | 9ff3 01f9 | fd7b 4ca9 | ff43 0391 
  0x000000010ab7e66c: ;   {runtime_call unwind_exception Runtime1 stub}
  0x000000010ab7e66c: e56f f517 | 0000 0000 | 0000 0000 | 0000 0000 | 0000 0000 
[Stub Code]
  0x000000010ab7e680: ;   {no_reloc}
  0x000000010ab7e680: df3f 03d5 

  0x000000010ab7e684: ;   {metadata(NULL)}
  0x000000010ab7e684: 0c00 80d2 | 0c00 a0f2 | 0c00 c0f2 | 0800 80d2 | 0800 a0f2 | 0800 c0f2 | 0001 1fd6 
[Exception Handler]
  0x000000010ab7e6a0: ;   {runtime_call handle_exception_from_callee Runtime1 stub}
  0x000000010ab7e6a0: d87b f597 | c1d5 bbd4 | eca9 7b02 | 0100 0000 
[Deopt Handler Code]
  0x000000010ab7e6b0: 1e00 0010 

  0x000000010ab7e6b4: ;   {runtime_call DeoptimizationBlob}
  0x000000010ab7e6b4: a3b3 f217 
[/MachCode]


Compiled method (c1)     353  598       1       sun.instrument.InstrumentationImpl::transform (73 bytes)
 total in heap  [0x000000010ab7e890,0x000000010ab7ed78] = 1256
 relocation     [0x000000010ab7e9e8,0x000000010ab7ea18] = 48
 main code      [0x000000010ab7ea40,0x000000010ab7ec00] = 448
 stub code      [0x000000010ab7ec00,0x000000010ab7ec38] = 56
 oops           [0x000000010ab7ec38,0x000000010ab7ec40] = 8
 metadata       [0x000000010ab7ec40,0x000000010ab7ec78] = 56
 scopes data    [0x000000010ab7ec78,0x000000010ab7ece8] = 112
 scopes pcs     [0x000000010ab7ece8,0x000000010ab7ed48] = 96
 dependencies   [0x000000010ab7ed48,0x000000010ab7ed58] = 16
 nul chk table  [0x000000010ab7ed58,0x000000010ab7ed78] = 32

[Constant Pool (empty)]

[MachCode]
[Entry Point]
  # {method} {0x0000000128026550} 'transform' '(Ljava/lang/Module;Ljava/lang/ClassLoader;Ljava/lang/String;Ljava/lang/Class;Ljava/security/ProtectionDomain;[BZ)[B' in 'sun/instrument/InstrumentationImpl'
  # this:     c_rarg1:c_rarg1 
                        = 'sun/instrument/InstrumentationImpl'
  # parm0:    c_rarg2:c_rarg2 
                        = 'java/lang/Module'
  # parm1:    c_rarg3:c_rarg3 
                        = 'java/lang/ClassLoader'
  # parm2:    c_rarg4:c_rarg4 
                        = 'java/lang/String'
  # parm3:    c_rarg5:c_rarg5 
                        = 'java/lang/Class'
  # parm4:    c_rarg6:c_rarg6 
                        = 'java/security/ProtectionDomain'
  # parm5:    c_rarg7:c_rarg7 
                        = '[B'
  # parm6:    c_rarg0   = boolean
  #           [sp+0xb0]  (sp of caller)
  0x000000010ab7ea40: 2808 40b9 | 3f01 086b | c001 0054 

  0x000000010ab7ea4c: ;   {runtime_call ic_miss_stub}
  0x000000010ab7ea4c: 6d98 f217 | 1f20 03d5 | 1f20 03d5 | 1f20 03d5 | 1f20 03d5 | 1f20 03d5 | 1f20 03d5 | 1f20 03d5 
  0x000000010ab7ea6c: 1f20 03d5 | 1f20 03d5 | 1f20 03d5 | 1f20 03d5 | 1f20 03d5 
[Verified Entry Point]
  0x000000010ab7ea80: 1f20 03d5 | e953 40d1 | 3f01 00f9 | ffc3 02d1 | fd7b 0aa9 | 1f00 0071 | 8000 0054 | 2a1c 40b9 
  0x000000010ab7eaa0: 4af1 7dd3 | 0300 0014 | 2a18 40b9 | 4af1 7dd3 | eb03 1faa | 5f00 0beb | 4102 0054 | eb03 1faa 
  0x000000010ab7eac0: bf00 0beb | a000 0054 

  0x000000010ab7eac8: ; implicit exception: dispatches to 0x000000010ab7eb94
  0x000000010ab7eac8: ab30 40b9 | 6bf1 7dd3 | e203 0baa | 0b00 0014 | eb03 1faa | 7f00 0beb | a100 0054 

  0x000000010ab7eae4: ;   {oop(a 'java/lang/Module'{0x000000043f83b2e8})}
  0x000000010ab7eae4: 025d 96d2 | 62f0 a7f2 | 8200 c0f2 | 0400 0014 

  0x000000010ab7eaf4: ; implicit exception: dispatches to 0x000000010ab7eb98
  0x000000010ab7eaf4: 6b20 40b9 | 6bf1 7dd3 | e203 0baa | eb03 1faa | 5f01 0beb | 0101 0054 | e003 1faa | fd7b 4aa9 
  0x000000010ab7eb14: ffc3 0291 

  0x000000010ab7eb18: ;   {poll_return}
  0x000000010ab7eb18: 88a7 41f9 | ff63 28eb | e803 0054 | c003 5fd6 | e08b 00b9 | e12b 00f9 

  0x000000010ab7eb30: ; implicit exception: dispatches to 0x000000010ab7eba8
  0x000000010ab7eb30: 5f01 40f9 | eb03 02aa | e203 0baa | ec03 03aa | e303 0caa | ed03 04aa | e403 0daa | ee03 05aa 
  0x000000010ab7eb50: e503 0eaa | ef03 06aa | e603 0faa | f003 07aa | e703 10aa | e103 0aaa | ea4b 00f9 | ecaf 07a9 
  0x000000010ab7eb70: eeb7 06a9 | f0bf 05a9 

  0x000000010ab7eb78: ; ImmutableOopMap {[88]=Oop [96]=Oop [104]=Oop [112]=Oop [120]=Oop [128]=Oop [144]=Oop [80]=Oop }
                      ;*invokevirtual transform {reexecute=0 rethrow=0 return_oop=0}
                      ; - sun.instrument.InstrumentationImpl::transform@69 (line 541)
                      ;   {optimized virtual_call}
  0x000000010ab7eb78: 62fe ff97 | fd7b 4aa9 | ffc3 0291 

  0x000000010ab7eb84: ;   {poll_return}
  0x000000010ab7eb84: 88a7 41f9 | ff63 28eb | 0801 0054 | c003 5fd6 

  0x000000010ab7eb94: ; ImmutableOopMap {c_rarg1=Oop c_rarg3=Oop c_rarg4=Oop c_rarg5=Oop c_rarg6=Oop c_rarg7=Oop r10=Oop c_rarg2=Oop }
                      ;*invokevirtual getModule {reexecute=0 rethrow=0 return_oop=0}
                      ; - sun.instrument.InstrumentationImpl::transform@29 (line 532)
                      ;   {runtime_call throw_null_pointer_exception Runtime1 stub}
  0x000000010ab7eb94: 5b72 f597 

  0x000000010ab7eb98: ; ImmutableOopMap {c_rarg1=Oop c_rarg3=Oop c_rarg4=Oop c_rarg5=Oop c_rarg6=Oop c_rarg7=Oop r10=Oop c_rarg2=Oop }
                      ;*invokevirtual getUnnamedModule {reexecute=0 rethrow=0 return_oop=0}
                      ; - sun.instrument.InstrumentationImpl::transform@47 (line 535)
                      ;   {runtime_call throw_null_pointer_exception Runtime1 stub}
  0x000000010ab7eb98: 5a72 f597 

  0x000000010ab7eb9c: ;   {internal_word}
  0x000000010ab7eb9c: e8fb ff10 | 88b3 01f9 

  0x000000010ab7eba4: ;   {runtime_call SafepointBlob}
  0x000000010ab7eba4: 97b1 f217 

  0x000000010ab7eba8: ; ImmutableOopMap {[80]=Oop c_rarg2=Oop r10=Oop c_rarg7=Oop c_rarg6=Oop c_rarg5=Oop c_rarg4=Oop c_rarg3=Oop }
                      ;*invokevirtual transform {reexecute=0 rethrow=0 return_oop=0}
                      ; - sun.instrument.InstrumentationImpl::transform@69 (line 541)
                      ;   {runtime_call throw_null_pointer_exception Runtime1 stub}
  0x000000010ab7eba8: 5672 f597 

  0x000000010ab7ebac: ;   {internal_word}
  0x000000010ab7ebac: c8fe ff10 | 88b3 01f9 

  0x000000010ab7ebb4: ;   {runtime_call SafepointBlob}
  0x000000010ab7ebb4: 93b1 f217 | 1f20 03d5 | 1f20 03d5 | 80ef 41f9 | 9fef 01f9 | 9ff3 01f9 | fd7b 4aa9 | ffc3 0291 
  0x000000010ab7ebd4: ;   {runtime_call unwind_exception Runtime1 stub}
  0x000000010ab7ebd4: 8b6e f517 | 0000 0000 | 0000 0000 | 0000 0000 | 0000 0000 | 0000 0000 | 0000 0000 | 0000 0000 
  0x000000010ab7ebf4: 0000 0000 | 0000 0000 | 0000 0000 
[Stub Code]
  0x000000010ab7ec00: ;   {no_reloc}
  0x000000010ab7ec00: df3f 03d5 

  0x000000010ab7ec04: ;   {metadata(NULL)}
  0x000000010ab7ec04: 0c00 80d2 | 0c00 a0f2 | 0c00 c0f2 | 0800 80d2 | 0800 a0f2 | 0800 c0f2 | 0001 1fd6 
[Exception Handler]
  0x000000010ab7ec20: ;   {runtime_call handle_exception_from_callee Runtime1 stub}
  0x000000010ab7ec20: 787a f597 | c1d5 bbd4 | eca9 7b02 | 0100 0000 
[Deopt Handler Code]
  0x000000010ab7ec30: 1e00 0010 

  0x000000010ab7ec34: ;   {runtime_call DeoptimizationBlob}
  0x000000010ab7ec34: 43b2 f217 
[/MachCode]


---------------  P R O C E S S  ---------------

Threads class SMR info:
_java_thread_list=0x00006000005faf40, length=17, elements={
0x000000012f80b800, 0x0000000130018800, 0x000000011f80a400, 0x0000000130018e00,
0x000000011f164c00, 0x000000012f80b000, 0x000000012f816800, 0x0000000130025800,
0x0000000130026800, 0x0000000130019c00, 0x000000011f00b000, 0x000000012f80c400,
0x000000012f8c6e00, 0x0000000101008200, 0x000000012f956000, 0x000000012f956600,
0x0000000150809400
}

Java Threads: ( => current thread )
=>0x000000012f80b800 JavaThread "main" [_thread_in_native, id=8707, stack(0x000000016f728000,0x000000016f92b000)]
  0x0000000130018800 JavaThread "Reference Handler" daemon [_thread_blocked, id=18435, stack(0x000000017057c000,0x000000017077f000)]
  0x000000011f80a400 JavaThread "Finalizer" daemon [_thread_blocked, id=18691, stack(0x0000000170788000,0x000000017098b000)]
  0x0000000130018e00 JavaThread "Signal Dispatcher" daemon [_thread_blocked, id=31491, stack(0x0000000170aac000,0x0000000170caf000)]
  0x000000011f164c00 JavaThread "Service Thread" daemon [_thread_blocked, id=23555, stack(0x0000000170cb8000,0x0000000170ebb000)]
  0x000000012f80b000 JavaThread "Monitor Deflation Thread" daemon [_thread_blocked, id=30979, stack(0x0000000170ec4000,0x00000001710c7000)]
  0x000000012f816800 JavaThread "C1 CompilerThread0" daemon [_thread_blocked, id=30467, stack(0x00000001710d0000,0x00000001712d3000)]
  0x0000000130025800 JavaThread "Sweeper thread" daemon [_thread_blocked, id=29955, stack(0x00000001712dc000,0x00000001714df000)]
  0x0000000130026800 JavaThread "Common-Cleaner" daemon [_thread_blocked, id=24067, stack(0x00000001714e8000,0x00000001716eb000)]
  0x0000000130019c00 JavaThread "C1 CompilerThread1" daemon [_thread_blocked, id=29187, stack(0x00000001716f4000,0x00000001718f7000)]
  0x000000011f00b000 JavaThread "C1 CompilerThread2" daemon [_thread_blocked, id=28931, stack(0x0000000171900000,0x0000000171b03000)]
  0x000000012f80c400 JavaThread "JDWP Transport Listener: dt_socket" daemon [_thread_blocked, id=24835, stack(0x0000000171b0c000,0x0000000171d0f000)]
  0x000000012f8c6e00 JavaThread "JDWP Event Helper Thread" daemon [_thread_blocked, id=25347, stack(0x0000000171d18000,0x0000000171f1b000)]
  0x0000000101008200 JavaThread "JDWP Command Reader" daemon [_thread_in_native, id=25603, stack(0x0000000171f24000,0x0000000172127000)]
  0x000000012f956000 JavaThread "C1 CompilerThread3" daemon [_thread_blocked, id=26115, stack(0x0000000172130000,0x0000000172333000)]
  0x000000012f956600 JavaThread "Notification Thread" daemon [_thread_blocked, id=28419, stack(0x000000017233c000,0x000000017253f000)]
  0x0000000150809400 JavaThread "RMI TCP Accept-0" daemon [_thread_in_native, id=28163, stack(0x0000000172548000,0x000000017274b000)]

Other Threads:
  0x000000011e607610 VMThread "VM Thread" [stack: 0x0000000170370000,0x0000000170573000] [id=19459]
  0x000000012e7193f0 WatcherThread [stack: 0x0000000172754000,0x0000000172957000] [id=27651]
  0x000000012e706890 GCTaskThread "GC Thread#0" [stack: 0x000000016f934000,0x000000016fb37000] [id=14083]
  0x000000012e706f40 ConcurrentGCThread "G1 Main Marker" [stack: 0x000000016fb40000,0x000000016fd43000] [id=13571]
  0x000000012e7077d0 ConcurrentGCThread "G1 Conc#0" [stack: 0x000000016fd4c000,0x000000016ff4f000] [id=12547]
  0x000000012e7097c0 ConcurrentGCThread "G1 Refine#0" [stack: 0x000000016ff58000,0x000000017015b000] [id=16899]
  0x000000012e70a060 ConcurrentGCThread "G1 Service" [stack: 0x0000000170164000,0x0000000170367000] [id=17155]

Threads with active compile tasks:

VM state: not at safepoint (normal execution)

VM Mutex/Monitor currently owned by a thread: None

Heap address: 0x0000000400000000, size: 16384 MB, Compressed Oops mode: Zero based, Oop shift amount: 3

CDS archive(s) mapped at: [0x000000e800000000-0x000000e800bc0000-0x000000e800bc0000), size 12320768, SharedBaseAddress: 0x000000e800000000, ArchiveRelocationMode: 1.
Compressed class space mapped at: 0x000000e801000000-0x000000e841000000, reserved size: 1073741824
Narrow klass base: 0x000000e800000000, Narrow klass shift: 0, Narrow klass range: 0x100000000

GC Precious Log:
 CPUs: 10 total, 10 available
 Memory: 65536M
 Large Page Support: Disabled
 NUMA Support: Disabled
 Compressed Oops: Enabled (Zero based)
 Heap Region Size: 8M
 Heap Min Capacity: 8M
 Heap Initial Capacity: 1G
 Heap Max Capacity: 16G
 Pre-touch: Disabled
 Parallel Workers: 9
 Concurrent Workers: 2
 Concurrent Refinement Workers: 9
 Periodic GC: Disabled

Heap:
 garbage-first heap   total 1064960K, used 40864K [0x0000000400000000, 0x0000000800000000)
  region size 8192K, 5 young (40960K), 0 survivors (0K)
 Metaspace       used 8872K, committed 9088K, reserved 1114112K
  class space    used 1136K, committed 1216K, reserved 1048576K

Heap Regions: E=young(eden), S=young(survivor), O=old, HS=humongous(starts), HC=humongous(continues), CS=collection set, F=free, OA=open archive, CA=closed archive, TAMS=top-at-mark-start (previous, next)
|   0|0x0000000400000000, 0x0000000400000000, 0x0000000400800000|  0%| F|  |TAMS 0x0000000400000000, 0x0000000400000000| Untracked 
|   1|0x0000000400800000, 0x0000000400800000, 0x0000000401000000|  0%| F|  |TAMS 0x0000000400800000, 0x0000000400800000| Untracked 
|   2|0x0000000401000000, 0x0000000401000000, 0x0000000401800000|  0%| F|  |TAMS 0x0000000401000000, 0x0000000401000000| Untracked 
|   3|0x0000000401800000, 0x0000000401800000, 0x0000000402000000|  0%| F|  |TAMS 0x0000000401800000, 0x0000000401800000| Untracked 
|   4|0x0000000402000000, 0x0000000402000000, 0x0000000402800000|  0%| F|  |TAMS 0x0000000402000000, 0x0000000402000000| Untracked 
|   5|0x0000000402800000, 0x0000000402800000, 0x0000000403000000|  0%| F|  |TAMS 0x0000000402800000, 0x0000000402800000| Untracked 
|   6|0x0000000403000000, 0x0000000403000000, 0x0000000403800000|  0%| F|  |TAMS 0x0000000403000000, 0x0000000403000000| Untracked 
|   7|0x0000000403800000, 0x0000000403800000, 0x0000000404000000|  0%| F|  |TAMS 0x0000000403800000, 0x0000000403800000| Untracked 
|   8|0x0000000404000000, 0x0000000404000000, 0x0000000404800000|  0%| F|  |TAMS 0x0000000404000000, 0x0000000404000000| Untracked 
|   9|0x0000000404800000, 0x0000000404800000, 0x0000000405000000|  0%| F|  |TAMS 0x0000000404800000, 0x0000000404800000| Untracked 
|  10|0x0000000405000000, 0x0000000405000000, 0x0000000405800000|  0%| F|  |TAMS 0x0000000405000000, 0x0000000405000000| Untracked 
|  11|0x0000000405800000, 0x0000000405800000, 0x0000000406000000|  0%| F|  |TAMS 0x0000000405800000, 0x0000000405800000| Untracked 
|  12|0x0000000406000000, 0x0000000406000000, 0x0000000406800000|  0%| F|  |TAMS 0x0000000406000000, 0x0000000406000000| Untracked 
|  13|0x0000000406800000, 0x0000000406800000, 0x0000000407000000|  0%| F|  |TAMS 0x0000000406800000, 0x0000000406800000| Untracked 
|  14|0x0000000407000000, 0x0000000407000000, 0x0000000407800000|  0%| F|  |TAMS 0x0000000407000000, 0x0000000407000000| Untracked 
|  15|0x0000000407800000, 0x0000000407800000, 0x0000000408000000|  0%| F|  |TAMS 0x0000000407800000, 0x0000000407800000| Untracked 
|  16|0x0000000408000000, 0x0000000408000000, 0x0000000408800000|  0%| F|  |TAMS 0x0000000408000000, 0x0000000408000000| Untracked 
|  17|0x0000000408800000, 0x0000000408800000, 0x0000000409000000|  0%| F|  |TAMS 0x0000000408800000, 0x0000000408800000| Untracked 
|  18|0x0000000409000000, 0x0000000409000000, 0x0000000409800000|  0%| F|  |TAMS 0x0000000409000000, 0x0000000409000000| Untracked 
|  19|0x0000000409800000, 0x0000000409800000, 0x000000040a000000|  0%| F|  |TAMS 0x0000000409800000, 0x0000000409800000| Untracked 
|  20|0x000000040a000000, 0x000000040a000000, 0x000000040a800000|  0%| F|  |TAMS 0x000000040a000000, 0x000000040a000000| Untracked 
|  21|0x000000040a800000, 0x000000040a800000, 0x000000040b000000|  0%| F|  |TAMS 0x000000040a800000, 0x000000040a800000| Untracked 
|  22|0x000000040b000000, 0x000000040b000000, 0x000000040b800000|  0%| F|  |TAMS 0x000000040b000000, 0x000000040b000000| Untracked 
|  23|0x000000040b800000, 0x000000040b800000, 0x000000040c000000|  0%| F|  |TAMS 0x000000040b800000, 0x000000040b800000| Untracked 
|  24|0x000000040c000000, 0x000000040c000000, 0x000000040c800000|  0%| F|  |TAMS 0x000000040c000000, 0x000000040c000000| Untracked 
|  25|0x000000040c800000, 0x000000040c800000, 0x000000040d000000|  0%| F|  |TAMS 0x000000040c800000, 0x000000040c800000| Untracked 
|  26|0x000000040d000000, 0x000000040d000000, 0x000000040d800000|  0%| F|  |TAMS 0x000000040d000000, 0x000000040d000000| Untracked 
|  27|0x000000040d800000, 0x000000040d800000, 0x000000040e000000|  0%| F|  |TAMS 0x000000040d800000, 0x000000040d800000| Untracked 
|  28|0x000000040e000000, 0x000000040e000000, 0x000000040e800000|  0%| F|  |TAMS 0x000000040e000000, 0x000000040e000000| Untracked 
|  29|0x000000040e800000, 0x000000040e800000, 0x000000040f000000|  0%| F|  |TAMS 0x000000040e800000, 0x000000040e800000| Untracked 
|  30|0x000000040f000000, 0x000000040f000000, 0x000000040f800000|  0%| F|  |TAMS 0x000000040f000000, 0x000000040f000000| Untracked 
|  31|0x000000040f800000, 0x000000040f800000, 0x0000000410000000|  0%| F|  |TAMS 0x000000040f800000, 0x000000040f800000| Untracked 
|  32|0x0000000410000000, 0x0000000410000000, 0x0000000410800000|  0%| F|  |TAMS 0x0000000410000000, 0x0000000410000000| Untracked 
|  33|0x0000000410800000, 0x0000000410800000, 0x0000000411000000|  0%| F|  |TAMS 0x0000000410800000, 0x0000000410800000| Untracked 
|  34|0x0000000411000000, 0x0000000411000000, 0x0000000411800000|  0%| F|  |TAMS 0x0000000411000000, 0x0000000411000000| Untracked 
|  35|0x0000000411800000, 0x0000000411800000, 0x0000000412000000|  0%| F|  |TAMS 0x0000000411800000, 0x0000000411800000| Untracked 
|  36|0x0000000412000000, 0x0000000412000000, 0x0000000412800000|  0%| F|  |TAMS 0x0000000412000000, 0x0000000412000000| Untracked 
|  37|0x0000000412800000, 0x0000000412800000, 0x0000000413000000|  0%| F|  |TAMS 0x0000000412800000, 0x0000000412800000| Untracked 
|  38|0x0000000413000000, 0x0000000413000000, 0x0000000413800000|  0%| F|  |TAMS 0x0000000413000000, 0x0000000413000000| Untracked 
|  39|0x0000000413800000, 0x0000000413800000, 0x0000000414000000|  0%| F|  |TAMS 0x0000000413800000, 0x0000000413800000| Untracked 
|  40|0x0000000414000000, 0x0000000414000000, 0x0000000414800000|  0%| F|  |TAMS 0x0000000414000000, 0x0000000414000000| Untracked 
|  41|0x0000000414800000, 0x0000000414800000, 0x0000000415000000|  0%| F|  |TAMS 0x0000000414800000, 0x0000000414800000| Untracked 
|  42|0x0000000415000000, 0x0000000415000000, 0x0000000415800000|  0%| F|  |TAMS 0x0000000415000000, 0x0000000415000000| Untracked 
|  43|0x0000000415800000, 0x0000000415800000, 0x0000000416000000|  0%| F|  |TAMS 0x0000000415800000, 0x0000000415800000| Untracked 
|  44|0x0000000416000000, 0x0000000416000000, 0x0000000416800000|  0%| F|  |TAMS 0x0000000416000000, 0x0000000416000000| Untracked 
|  45|0x0000000416800000, 0x0000000416800000, 0x0000000417000000|  0%| F|  |TAMS 0x0000000416800000, 0x0000000416800000| Untracked 
|  46|0x0000000417000000, 0x0000000417000000, 0x0000000417800000|  0%| F|  |TAMS 0x0000000417000000, 0x0000000417000000| Untracked 
|  47|0x0000000417800000, 0x0000000417800000, 0x0000000418000000|  0%| F|  |TAMS 0x0000000417800000, 0x0000000417800000| Untracked 
|  48|0x0000000418000000, 0x0000000418000000, 0x0000000418800000|  0%| F|  |TAMS 0x0000000418000000, 0x0000000418000000| Untracked 
|  49|0x0000000418800000, 0x0000000418800000, 0x0000000419000000|  0%| F|  |TAMS 0x0000000418800000, 0x0000000418800000| Untracked 
|  50|0x0000000419000000, 0x0000000419000000, 0x0000000419800000|  0%| F|  |TAMS 0x0000000419000000, 0x0000000419000000| Untracked 
|  51|0x0000000419800000, 0x0000000419800000, 0x000000041a000000|  0%| F|  |TAMS 0x0000000419800000, 0x0000000419800000| Untracked 
|  52|0x000000041a000000, 0x000000041a000000, 0x000000041a800000|  0%| F|  |TAMS 0x000000041a000000, 0x000000041a000000| Untracked 
|  53|0x000000041a800000, 0x000000041a800000, 0x000000041b000000|  0%| F|  |TAMS 0x000000041a800000, 0x000000041a800000| Untracked 
|  54|0x000000041b000000, 0x000000041b000000, 0x000000041b800000|  0%| F|  |TAMS 0x000000041b000000, 0x000000041b000000| Untracked 
|  55|0x000000041b800000, 0x000000041b800000, 0x000000041c000000|  0%| F|  |TAMS 0x000000041b800000, 0x000000041b800000| Untracked 
|  56|0x000000041c000000, 0x000000041c000000, 0x000000041c800000|  0%| F|  |TAMS 0x000000041c000000, 0x000000041c000000| Untracked 
|  57|0x000000041c800000, 0x000000041c800000, 0x000000041d000000|  0%| F|  |TAMS 0x000000041c800000, 0x000000041c800000| Untracked 
|  58|0x000000041d000000, 0x000000041d000000, 0x000000041d800000|  0%| F|  |TAMS 0x000000041d000000, 0x000000041d000000| Untracked 
|  59|0x000000041d800000, 0x000000041d800000, 0x000000041e000000|  0%| F|  |TAMS 0x000000041d800000, 0x000000041d800000| Untracked 
|  60|0x000000041e000000, 0x000000041e000000, 0x000000041e800000|  0%| F|  |TAMS 0x000000041e000000, 0x000000041e000000| Untracked 
|  61|0x000000041e800000, 0x000000041e800000, 0x000000041f000000|  0%| F|  |TAMS 0x000000041e800000, 0x000000041e800000| Untracked 
|  62|0x000000041f000000, 0x000000041f000000, 0x000000041f800000|  0%| F|  |TAMS 0x000000041f000000, 0x000000041f000000| Untracked 
|  63|0x000000041f800000, 0x000000041f800000, 0x0000000420000000|  0%| F|  |TAMS 0x000000041f800000, 0x000000041f800000| Untracked 
|  64|0x0000000420000000, 0x0000000420000000, 0x0000000420800000|  0%| F|  |TAMS 0x0000000420000000, 0x0000000420000000| Untracked 
|  65|0x0000000420800000, 0x0000000420800000, 0x0000000421000000|  0%| F|  |TAMS 0x0000000420800000, 0x0000000420800000| Untracked 
|  66|0x0000000421000000, 0x0000000421000000, 0x0000000421800000|  0%| F|  |TAMS 0x0000000421000000, 0x0000000421000000| Untracked 
|  67|0x0000000421800000, 0x0000000421800000, 0x0000000422000000|  0%| F|  |TAMS 0x0000000421800000, 0x0000000421800000| Untracked 
|  68|0x0000000422000000, 0x0000000422000000, 0x0000000422800000|  0%| F|  |TAMS 0x0000000422000000, 0x0000000422000000| Untracked 
|  69|0x0000000422800000, 0x0000000422800000, 0x0000000423000000|  0%| F|  |TAMS 0x0000000422800000, 0x0000000422800000| Untracked 
|  70|0x0000000423000000, 0x0000000423000000, 0x0000000423800000|  0%| F|  |TAMS 0x0000000423000000, 0x0000000423000000| Untracked 
|  71|0x0000000423800000, 0x0000000423800000, 0x0000000424000000|  0%| F|  |TAMS 0x0000000423800000, 0x0000000423800000| Untracked 
|  72|0x0000000424000000, 0x0000000424000000, 0x0000000424800000|  0%| F|  |TAMS 0x0000000424000000, 0x0000000424000000| Untracked 
|  73|0x0000000424800000, 0x0000000424800000, 0x0000000425000000|  0%| F|  |TAMS 0x0000000424800000, 0x0000000424800000| Untracked 
|  74|0x0000000425000000, 0x0000000425000000, 0x0000000425800000|  0%| F|  |TAMS 0x0000000425000000, 0x0000000425000000| Untracked 
|  75|0x0000000425800000, 0x0000000425800000, 0x0000000426000000|  0%| F|  |TAMS 0x0000000425800000, 0x0000000425800000| Untracked 
|  76|0x0000000426000000, 0x0000000426000000, 0x0000000426800000|  0%| F|  |TAMS 0x0000000426000000, 0x0000000426000000| Untracked 
|  77|0x0000000426800000, 0x0000000426800000, 0x0000000427000000|  0%| F|  |TAMS 0x0000000426800000, 0x0000000426800000| Untracked 
|  78|0x0000000427000000, 0x0000000427000000, 0x0000000427800000|  0%| F|  |TAMS 0x0000000427000000, 0x0000000427000000| Untracked 
|  79|0x0000000427800000, 0x0000000427800000, 0x0000000428000000|  0%| F|  |TAMS 0x0000000427800000, 0x0000000427800000| Untracked 
|  80|0x0000000428000000, 0x0000000428000000, 0x0000000428800000|  0%| F|  |TAMS 0x0000000428000000, 0x0000000428000000| Untracked 
|  81|0x0000000428800000, 0x0000000428800000, 0x0000000429000000|  0%| F|  |TAMS 0x0000000428800000, 0x0000000428800000| Untracked 
|  82|0x0000000429000000, 0x0000000429000000, 0x0000000429800000|  0%| F|  |TAMS 0x0000000429000000, 0x0000000429000000| Untracked 
|  83|0x0000000429800000, 0x0000000429800000, 0x000000042a000000|  0%| F|  |TAMS 0x0000000429800000, 0x0000000429800000| Untracked 
|  84|0x000000042a000000, 0x000000042a000000, 0x000000042a800000|  0%| F|  |TAMS 0x000000042a000000, 0x000000042a000000| Untracked 
|  85|0x000000042a800000, 0x000000042a800000, 0x000000042b000000|  0%| F|  |TAMS 0x000000042a800000, 0x000000042a800000| Untracked 
|  86|0x000000042b000000, 0x000000042b000000, 0x000000042b800000|  0%| F|  |TAMS 0x000000042b000000, 0x000000042b000000| Untracked 
|  87|0x000000042b800000, 0x000000042b800000, 0x000000042c000000|  0%| F|  |TAMS 0x000000042b800000, 0x000000042b800000| Untracked 
|  88|0x000000042c000000, 0x000000042c000000, 0x000000042c800000|  0%| F|  |TAMS 0x000000042c000000, 0x000000042c000000| Untracked 
|  89|0x000000042c800000, 0x000000042c800000, 0x000000042d000000|  0%| F|  |TAMS 0x000000042c800000, 0x000000042c800000| Untracked 
|  90|0x000000042d000000, 0x000000042d000000, 0x000000042d800000|  0%| F|  |TAMS 0x000000042d000000, 0x000000042d000000| Untracked 
|  91|0x000000042d800000, 0x000000042d800000, 0x000000042e000000|  0%| F|  |TAMS 0x000000042d800000, 0x000000042d800000| Untracked 
|  92|0x000000042e000000, 0x000000042e000000, 0x000000042e800000|  0%| F|  |TAMS 0x000000042e000000, 0x000000042e000000| Untracked 
|  93|0x000000042e800000, 0x000000042e800000, 0x000000042f000000|  0%| F|  |TAMS 0x000000042e800000, 0x000000042e800000| Untracked 
|  94|0x000000042f000000, 0x000000042f000000, 0x000000042f800000|  0%| F|  |TAMS 0x000000042f000000, 0x000000042f000000| Untracked 
|  95|0x000000042f800000, 0x000000042f800000, 0x0000000430000000|  0%| F|  |TAMS 0x000000042f800000, 0x000000042f800000| Untracked 
|  96|0x0000000430000000, 0x0000000430000000, 0x0000000430800000|  0%| F|  |TAMS 0x0000000430000000, 0x0000000430000000| Untracked 
|  97|0x0000000430800000, 0x0000000430800000, 0x0000000431000000|  0%| F|  |TAMS 0x0000000430800000, 0x0000000430800000| Untracked 
|  98|0x0000000431000000, 0x0000000431000000, 0x0000000431800000|  0%| F|  |TAMS 0x0000000431000000, 0x0000000431000000| Untracked 
|  99|0x0000000431800000, 0x0000000431800000, 0x0000000432000000|  0%| F|  |TAMS 0x0000000431800000, 0x0000000431800000| Untracked 
| 100|0x0000000432000000, 0x0000000432000000, 0x0000000432800000|  0%| F|  |TAMS 0x0000000432000000, 0x0000000432000000| Untracked 
| 101|0x0000000432800000, 0x0000000432800000, 0x0000000433000000|  0%| F|  |TAMS 0x0000000432800000, 0x0000000432800000| Untracked 
| 102|0x0000000433000000, 0x0000000433000000, 0x0000000433800000|  0%| F|  |TAMS 0x0000000433000000, 0x0000000433000000| Untracked 
| 103|0x0000000433800000, 0x0000000433800000, 0x0000000434000000|  0%| F|  |TAMS 0x0000000433800000, 0x0000000433800000| Untracked 
| 104|0x0000000434000000, 0x0000000434000000, 0x0000000434800000|  0%| F|  |TAMS 0x0000000434000000, 0x0000000434000000| Untracked 
| 105|0x0000000434800000, 0x0000000434800000, 0x0000000435000000|  0%| F|  |TAMS 0x0000000434800000, 0x0000000434800000| Untracked 
| 106|0x0000000435000000, 0x0000000435000000, 0x0000000435800000|  0%| F|  |TAMS 0x0000000435000000, 0x0000000435000000| Untracked 
| 107|0x0000000435800000, 0x0000000435800000, 0x0000000436000000|  0%| F|  |TAMS 0x0000000435800000, 0x0000000435800000| Untracked 
| 108|0x0000000436000000, 0x0000000436000000, 0x0000000436800000|  0%| F|  |TAMS 0x0000000436000000, 0x0000000436000000| Untracked 
| 109|0x0000000436800000, 0x0000000436800000, 0x0000000437000000|  0%| F|  |TAMS 0x0000000436800000, 0x0000000436800000| Untracked 
| 110|0x0000000437000000, 0x0000000437000000, 0x0000000437800000|  0%| F|  |TAMS 0x0000000437000000, 0x0000000437000000| Untracked 
| 111|0x0000000437800000, 0x0000000437800000, 0x0000000438000000|  0%| F|  |TAMS 0x0000000437800000, 0x0000000437800000| Untracked 
| 112|0x0000000438000000, 0x0000000438000000, 0x0000000438800000|  0%| F|  |TAMS 0x0000000438000000, 0x0000000438000000| Untracked 
| 113|0x0000000438800000, 0x0000000438800000, 0x0000000439000000|  0%| F|  |TAMS 0x0000000438800000, 0x0000000438800000| Untracked 
| 114|0x0000000439000000, 0x0000000439000000, 0x0000000439800000|  0%| F|  |TAMS 0x0000000439000000, 0x0000000439000000| Untracked 
| 115|0x0000000439800000, 0x0000000439800000, 0x000000043a000000|  0%| F|  |TAMS 0x0000000439800000, 0x0000000439800000| Untracked 
| 116|0x000000043a000000, 0x000000043a000000, 0x000000043a800000|  0%| F|  |TAMS 0x000000043a000000, 0x000000043a000000| Untracked 
| 117|0x000000043a800000, 0x000000043a800000, 0x000000043b000000|  0%| F|  |TAMS 0x000000043a800000, 0x000000043a800000| Untracked 
| 118|0x000000043b000000, 0x000000043b000000, 0x000000043b800000|  0%| F|  |TAMS 0x000000043b000000, 0x000000043b000000| Untracked 
| 119|0x000000043b800000, 0x000000043b800000, 0x000000043c000000|  0%| F|  |TAMS 0x000000043b800000, 0x000000043b800000| Untracked 
| 120|0x000000043c000000, 0x000000043c000000, 0x000000043c800000|  0%| F|  |TAMS 0x000000043c000000, 0x000000043c000000| Untracked 
| 121|0x000000043c800000, 0x000000043c800000, 0x000000043d000000|  0%| F|  |TAMS 0x000000043c800000, 0x000000043c800000| Untracked 
| 122|0x000000043d000000, 0x000000043d000000, 0x000000043d800000|  0%| F|  |TAMS 0x000000043d000000, 0x000000043d000000| Untracked 
| 123|0x000000043d800000, 0x000000043dec1dd0, 0x000000043e000000| 84%| E|  |TAMS 0x000000043d800000, 0x000000043d800000| Complete 
| 124|0x000000043e000000, 0x000000043e800000, 0x000000043e800000|100%| E|CS|TAMS 0x000000043e000000, 0x000000043e000000| Complete 
| 125|0x000000043e800000, 0x000000043f000000, 0x000000043f000000|100%| E|CS|TAMS 0x000000043e800000, 0x000000043e800000| Complete 
| 126|0x000000043f000000, 0x000000043f800000, 0x000000043f800000|100%| E|CS|TAMS 0x000000043f000000, 0x000000043f000000| Complete 
| 127|0x000000043f800000, 0x0000000440000000, 0x0000000440000000|100%| E|CS|TAMS 0x000000043f800000, 0x000000043f800000| Complete 
|2046|0x00000007ff000000, 0x00000007ff774000, 0x00000007ff800000| 93%|OA|  |TAMS 0x00000007ff000000, 0x00000007ff000000| Untracked 
|2047|0x00000007ff800000, 0x00000007ff874000, 0x0000000800000000|  5%|CA|  |TAMS 0x00000007ff800000, 0x00000007ff800000| Untracked 

Card table byte_map: [0x0000000118000000,0x000000011a000000] _byte_map_base: 0x0000000116000000

Marking Bits (Prev, Next): (CMBitMap*) 0x000000011f02fc10, (CMBitMap*) 0x000000011f02fc50
 Prev Bits: [0x0000000130800000, 0x0000000140800000)
 Next Bits: [0x0000000140800000, 0x0000000150800000)

Polling page: 0x0000000100778000

Metaspace:

Usage:
  Non-class:      7.55 MB used.
      Class:      1.11 MB used.
       Both:      8.66 MB used.

Virtual space:
  Non-class space:       64.00 MB reserved,       7.69 MB ( 12%) committed,  1 nodes.
      Class space:        1.00 GB reserved,       1.19 MB ( <1%) committed,  1 nodes.
             Both:        1.06 GB reserved,       8.88 MB ( <1%) committed. 

Chunk freelists:
   Non-Class:  8.09 MB
       Class:  14.85 MB
        Both:  22.94 MB

MaxMetaspaceSize: unlimited
CompressedClassSpaceSize: 1.00 GB
Initial GC threshold: 21.00 MB
Current GC threshold: 21.00 MB
CDS: on
MetaspaceReclaimPolicy: balanced
 - commit_granule_bytes: 65536.
 - commit_granule_words: 8192.
 - virtual_space_node_default_size: 8388608.
 - enlarge_chunks_in_place: 1.
 - new_chunks_are_fully_committed: 0.
 - uncommit_free_chunks: 1.
 - use_allocation_guard: 0.
 - handle_deallocations: 1.


Internal statistics:

num_allocs_failed_limit: 0.
num_arena_births: 132.
num_arena_deaths: 0.
num_vsnodes_births: 2.
num_vsnodes_deaths: 0.
num_space_committed: 142.
num_space_uncommitted: 0.
num_chunks_returned_to_freelist: 0.
num_chunks_taken_from_freelist: 312.
num_chunk_merges: 0.
num_chunk_splits: 207.
num_chunks_enlarged: 142.
num_inconsistent_stats: 0.

CodeCache: size=49152Kb used=5005Kb max_used=5005Kb free=44146Kb
 bounds [0x000000010a7e4000, 0x000000010acd4000, 0x000000010d7e4000]
 total_blobs=1885 nmethods=1436 adapters=378
 compilation: enabled
              stopped_count=0, restarted_count=0
 full_count=0

Compilation events (20 events):
Event: 0.333 Thread 0x000000011f00b000 1442       1       java.lang.reflect.Constructor::copy (72 bytes)
Event: 0.333 Thread 0x000000012f956000 1443       1       java.lang.reflect.Constructor::newInstanceWithCaller (75 bytes)
Event: 0.333 Thread 0x0000000130019c00 nmethod 1440 0x000000010acc3210 code [0x000000010acc33c0, 0x000000010acc34f8]
Event: 0.333 Thread 0x0000000130019c00 1444       1       java.lang.invoke.MethodHandle::internalForm (5 bytes)
Event: 0.333 Thread 0x000000012f816800 nmethod 1441 0x000000010acc3610 code [0x000000010acc37c0, 0x000000010acc38b8]
Event: 0.333 Thread 0x0000000130019c00 nmethod 1444 0x000000010acc3990 code [0x000000010acc3b00, 0x000000010acc3b98]
Event: 0.333 Thread 0x000000011f00b000 nmethod 1442 0x000000010acc3c90 code [0x000000010acc3e40, 0x000000010acc4118]
Event: 0.333 Thread 0x000000012f956000 nmethod 1443 0x000000010acc4210 code [0x000000010acc4400, 0x000000010acc4698]
Event: 0.334 Thread 0x000000011f00b000 1445       1       jdk.internal.loader.NativeLibraries$NativeLibraryImpl::find (6 bytes)
Event: 0.334 Thread 0x000000011f00b000 nmethod 1445 0x000000010acc4c10 code [0x000000010acc4dc0, 0x000000010acc4eb8]
Event: 0.335 Thread 0x0000000130019c00 1447       1       java.lang.Object::<init> (1 bytes)
Event: 0.335 Thread 0x0000000130019c00 nmethod 1447 0x000000010acc4f90 code [0x000000010acc5100, 0x000000010acc51d8]
Event: 0.339 Thread 0x000000011f00b000 1449       1       org.jetbrains.capture.org.objectweb.asm.ClassReader::readUnsignedShort (26 bytes)
Event: 0.340 Thread 0x000000012f816800 1450       1       org.jetbrains.capture.org.objectweb.asm.ClassReader::readUtf (44 bytes)
Event: 0.340 Thread 0x000000011f00b000 nmethod 1449 0x000000010acc5290 code [0x000000010acc5400, 0x000000010acc5558]
Event: 0.340 Thread 0x0000000130019c00 1451       1       org.jetbrains.capture.org.objectweb.asm.ClassReader::getItem (7 bytes)
Event: 0.340 Thread 0x000000011f00b000 1452       1       org.jetbrains.capture.org.objectweb.asm.ClassReader::readUTF8 (23 bytes)
Event: 0.340 Thread 0x0000000130019c00 nmethod 1451 0x000000010acc5610 code [0x000000010acc5780, 0x000000010acc5898]
Event: 0.340 Thread 0x000000012f956000 1455       1       org.jetbrains.capture.org.objectweb.asm.ClassReader::readUtf (161 bytes)
Event: 0.340 Thread 0x0000000130019c00 1453       1       org.jetbrains.capture.org.objectweb.asm.Symbol::<init> (38 bytes)

GC Heap History (0 events):
No events

Dll operation events (11 events):
Event: 0.005 Loaded shared library /Users/wangguangwu/Library/Java/JavaVirtualMachines/corretto-17.0.12/Contents/Home/lib/libjava.dylib
Event: 0.005 Loaded shared library /Users/wangguangwu/Library/Java/JavaVirtualMachines/corretto-17.0.12/Contents/Home/lib/libzip.dylib
Event: 0.045 Loaded shared library /Users/wangguangwu/Library/Java/JavaVirtualMachines/corretto-17.0.12/Contents/Home/lib/libinstrument.dylib
Event: 0.049 Loaded shared library /Users/wangguangwu/Library/Java/JavaVirtualMachines/corretto-17.0.12/Contents/Home/lib/libnio.dylib
Event: 0.051 Loaded shared library /Users/wangguangwu/Library/Java/JavaVirtualMachines/corretto-17.0.12/Contents/Home/lib/libzip.dylib
Event: 0.078 Loaded shared library /Users/wangguangwu/Library/Java/JavaVirtualMachines/corretto-17.0.12/Contents/Home/lib/libverify.dylib
Event: 0.080 Loaded shared library /Users/wangguangwu/Library/Java/JavaVirtualMachines/corretto-17.0.12/Contents/Home/lib/libjimage.dylib
Event: 0.090 Loaded shared library /Users/wangguangwu/Library/Java/JavaVirtualMachines/corretto-17.0.12/Contents/Home/lib/libnet.dylib
Event: 0.130 Loaded shared library /Users/wangguangwu/Library/Java/JavaVirtualMachines/corretto-17.0.12/Contents/Home/lib/libmanagement.dylib
Event: 0.134 Loaded shared library /Users/wangguangwu/Library/Java/JavaVirtualMachines/corretto-17.0.12/Contents/Home/lib/libmanagement_ext.dylib
Event: 0.202 Loaded shared library /Users/wangguangwu/Library/Java/JavaVirtualMachines/corretto-17.0.12/Contents/Home/lib/libextnet.dylib

Deoptimization events (20 events):
Event: 0.306 Thread 0x000000012f80b800 DEOPT PACKING pc=0x000000010ac1e128 sp=0x000000016f9294c0
Event: 0.306 Thread 0x000000012f80b800 DEOPT UNPACKING pc=0x000000010a82b77c sp=0x000000016f929160 mode 1
Event: 0.306 Thread 0x000000012f80b800 DEOPT PACKING pc=0x000000010ac1943c sp=0x000000016f929590
Event: 0.306 Thread 0x000000012f80b800 DEOPT UNPACKING pc=0x000000010a82b77c sp=0x000000016f929260 mode 1
Event: 0.306 Thread 0x000000012f80b800 DEOPT PACKING pc=0x000000010abe31c8 sp=0x000000016f929d40
Event: 0.306 Thread 0x000000012f80b800 DEOPT UNPACKING pc=0x000000010a82b77c sp=0x000000016f929a30 mode 1
Event: 0.307 Thread 0x000000012f80b800 DEOPT PACKING pc=0x000000010ac1e128 sp=0x000000016f9294c0
Event: 0.307 Thread 0x000000012f80b800 DEOPT UNPACKING pc=0x000000010a82b77c sp=0x000000016f929160 mode 1
Event: 0.307 Thread 0x000000012f80b800 DEOPT PACKING pc=0x000000010ac1943c sp=0x000000016f929590
Event: 0.307 Thread 0x000000012f80b800 DEOPT UNPACKING pc=0x000000010a82b77c sp=0x000000016f929260 mode 1
Event: 0.307 Thread 0x000000012f80b800 DEOPT PACKING pc=0x000000010abe31c8 sp=0x000000016f929d40
Event: 0.307 Thread 0x000000012f80b800 DEOPT UNPACKING pc=0x000000010a82b77c sp=0x000000016f929a30 mode 1
Event: 0.307 Thread 0x000000012f80b800 DEOPT PACKING pc=0x000000010ac1e128 sp=0x000000016f9294c0
Event: 0.307 Thread 0x000000012f80b800 DEOPT UNPACKING pc=0x000000010a82b77c sp=0x000000016f929160 mode 1
Event: 0.307 Thread 0x000000012f80b800 DEOPT PACKING pc=0x000000010ac1943c sp=0x000000016f929590
Event: 0.307 Thread 0x000000012f80b800 DEOPT UNPACKING pc=0x000000010a82b77c sp=0x000000016f929260 mode 1
Event: 0.307 Thread 0x000000012f80b800 DEOPT PACKING pc=0x000000010abe31c8 sp=0x000000016f929d40
Event: 0.307 Thread 0x000000012f80b800 DEOPT UNPACKING pc=0x000000010a82b77c sp=0x000000016f929a30 mode 1
Event: 0.339 Thread 0x000000012f80b800 DEOPT PACKING pc=0x000000010abfa788 sp=0x000000016f928ad0
Event: 0.339 Thread 0x000000012f80b800 DEOPT UNPACKING pc=0x000000010a82b77c sp=0x000000016f9288a0 mode 3

Classes loaded (20 events):
Event: 0.338 Loading class org/springframework/cloud/commons/util/InetUtils$HostInfo
Event: 0.338 Loading class org/springframework/cloud/commons/util/InetUtils$HostInfo done
Event: 0.339 Loading class java/util/concurrent/FutureTask
Event: 0.339 Loading class org/jetbrains/capture/org/objectweb/asm/ClassReader
Event: 0.339 Loading class org/jetbrains/capture/org/objectweb/asm/ClassReader done
Event: 0.339 Loading class org/jetbrains/capture/org/objectweb/asm/Label
Event: 0.339 Loading class org/jetbrains/capture/org/objectweb/asm/Label done
Event: 0.339 Loading class org/jetbrains/capture/org/objectweb/asm/ClassWriter
Event: 0.339 Loading class org/jetbrains/capture/org/objectweb/asm/ClassVisitor
Event: 0.339 Loading class org/jetbrains/capture/org/objectweb/asm/ClassVisitor done
Event: 0.339 Loading class org/jetbrains/capture/org/objectweb/asm/ClassWriter done
Event: 0.339 Loading class org/jetbrains/capture/org/objectweb/asm/SymbolTable
Event: 0.339 Loading class org/jetbrains/capture/org/objectweb/asm/SymbolTable done
Event: 0.339 Loading class org/jetbrains/capture/org/objectweb/asm/ByteVector
Event: 0.339 Loading class org/jetbrains/capture/org/objectweb/asm/ByteVector done
Event: 0.339 Loading class org/jetbrains/capture/org/objectweb/asm/SymbolTable$Entry
Event: 0.339 Loading class org/jetbrains/capture/org/objectweb/asm/Symbol
Event: 0.339 Loading class org/jetbrains/capture/org/objectweb/asm/Symbol done
Event: 0.339 Loading class org/jetbrains/capture/org/objectweb/asm/SymbolTable$Entry done
Event: 0.340 Loading class com/intellij/rt/debugger/agent/CaptureAgent$CaptureInstrumentor

Classes unloaded (0 events):
No events

Classes redefined (0 events):
No events

Internal exceptions (20 events):
Event: 0.137 Thread 0x000000012f80b800 Exception <a 'java/lang/NoSuchMethodError'{0x000000043f58fcd0}: 'void java.lang.invoke.DirectMethodHandle$Holder.invokeStatic(java.lang.Object, java.lang.Object)'> (0x000000043f58fcd0) 
thrown [src/hotspot/share/interpreter/linkResolver.cpp, line 759]
Event: 0.158 Thread 0x000000012f80b800 Exception <a 'java/lang/NoSuchMethodError'{0x000000043e823408}: 'int java.lang.invoke.DirectMethodHandle$Holder.invokeSpecial(java.lang.Object, java.lang.Object, java.lang.Object)'> (0x000000043e823408) 
thrown [src/hotspot/share/interpreter/linkResolver.cpp, line 759]
Event: 0.176 Thread 0x000000012f80b800 Exception <a 'java/lang/NoSuchMethodError'{0x000000043e99eef8}: 'void java.lang.invoke.DirectMethodHandle$Holder.invokeStatic(java.lang.Object, java.lang.Object, java.lang.Object)'> (0x000000043e99eef8) 
thrown [src/hotspot/share/interpreter/linkResolver.cpp, line 759]
Event: 0.179 Thread 0x000000012f80b800 Exception <a 'java/lang/NoSuchMethodError'{0x000000043ea04670}: 'int java.lang.invoke.DirectMethodHandle$Holder.invokeSpecialIFC(java.lang.Object, java.lang.Object, java.lang.Object)'> (0x000000043ea04670) 
thrown [src/hotspot/share/interpreter/linkResolver.cpp, line 759]
Event: 0.198 Thread 0x000000012f80b800 Exception <a 'java/lang/ClassNotFoundException'{0x000000043ec30cb0}: javax/management/remote/rmi/RMIServerImpl_Skel> (0x000000043ec30cb0) 
thrown [src/hotspot/share/classfile/systemDictionary.cpp, line 256]
Event: 0.232 Thread 0x000000012f80b800 Exception <a 'java/lang/NoSuchMethodError'{0x000000043e06d8e0}: 'java.lang.Object java.lang.invoke.DirectMethodHandle$Holder.invokeSpecialIFC(java.lang.Object, java.lang.Object, java.lang.Object, java.lang.Object)'> (0x000000043e06d8e0) 
thrown [src/hotspot/share/interpreter/linkResolver.cpp, line 759]
Event: 0.237 Thread 0x000000012f80b800 Exception <a 'java/lang/NoSuchMethodError'{0x000000043e115c30}: 'int java.lang.invoke.DirectMethodHandle$Holder.invokeStaticInit(java.lang.Object, java.lang.Object)'> (0x000000043e115c30) 
thrown [src/hotspot/share/interpreter/linkResolver.cpp, line 759]
Event: 0.254 Thread 0x000000012f80b800 Exception <a 'java/lang/NoSuchMethodError'{0x000000043e396088}: 'int java.lang.invoke.DirectMethodHandle$Holder.invokeStaticInit(java.lang.Object, java.lang.Object, java.lang.Object)'> (0x000000043e396088) 
thrown [src/hotspot/share/interpreter/linkResolver.cpp, line 759]
Event: 0.258 Thread 0x000000012f80b800 Exception <a 'java/lang/NoSuchMethodError'{0x000000043e3f92d8}: 'java.lang.Object java.lang.invoke.DirectMethodHandle$Holder.newInvokeSpecial(java.lang.Object, java.lang.Object, java.lang.Object, java.lang.Object, java.lang.Object)'> (0x000000043e3f92d8) 
thrown [src/hotspot/share/interpreter/linkResolver.cpp, line 759]
Event: 0.260 Thread 0x000000012f80b800 Exception <a 'java/lang/NoSuchMethodError'{0x000000043e4575b0}: 'java.lang.Object java.lang.invoke.DirectMethodHandle$Holder.invokeStaticInit(java.lang.Object, java.lang.Object, java.lang.Object)'> (0x000000043e4575b0) 
thrown [src/hotspot/share/interpreter/linkResolver.cpp, line 759]
Event: 0.273 Thread 0x000000012f80b800 Exception <a 'java/lang/NoSuchMethodError'{0x000000043e6149a8}: 'java.lang.Object java.lang.invoke.DirectMethodHandle$Holder.invokeInterface(java.lang.Object, java.lang.Object, java.lang.Object)'> (0x000000043e6149a8) 
thrown [src/hotspot/share/interpreter/linkResolver.cpp, line 759]
Event: 0.273 Thread 0x000000012f80b800 Exception <a 'java/lang/IncompatibleClassChangeError'{0x000000043e617dc8}: Found class java.lang.Object, but interface was expected> (0x000000043e617dc8) 
thrown [src/hotspot/share/interpreter/linkResolver.cpp, line 826]
Event: 0.277 Thread 0x000000012f80b800 Exception <a 'sun/nio/fs/UnixException'{0x000000043e6a8730}> (0x000000043e6a8730) 
thrown [src/hotspot/share/prims/jni.cpp, line 516]
Event: 0.299 Thread 0x000000012f80b800 Exception <a 'java/lang/NoSuchMethodError'{0x000000043da4a6c8}: 'void java.lang.invoke.DirectMethodHandle$Holder.invokeStatic(java.lang.Object, java.lang.Object, java.lang.Object, java.lang.Object)'> (0x000000043da4a6c8) 
thrown [src/hotspot/share/interpreter/linkResolver.cpp, line 759]
Event: 0.307 Thread 0x000000012f80b800 Exception <a 'java/lang/NoSuchMethodError'{0x000000043db30340}: 'int java.lang.invoke.DirectMethodHandle$Holder.invokeStatic(java.lang.Object, java.lang.Object, java.lang.Object, java.lang.Object)'> (0x000000043db30340) 
thrown [src/hotspot/share/interpreter/linkResolver.cpp, line 759]
Event: 0.307 Thread 0x000000012f80b800 Exception <a 'java/lang/NoSuchMethodError'{0x000000043db33cc0}: 'java.lang.Object java.lang.invoke.Invokers$Holder.invokeExact_MT(java.lang.Object, java.lang.Object, java.lang.Object, java.lang.Object, java.lang.Object, java.lang.Object)'> (0x000000043db33cc0) 
thrown [src/hotspot/share/interpreter/linkResolver.cpp, line 759]
Event: 0.308 Thread 0x000000012f80b800 Exception <a 'java/lang/IncompatibleClassChangeError'{0x000000043db4a540}: Found class java.lang.Object, but interface was expected> (0x000000043db4a540) 
thrown [src/hotspot/share/interpreter/linkResolver.cpp, line 826]
Event: 0.322 Thread 0x000000012f80b800 Exception <a 'java/lang/NoSuchMethodError'{0x000000043dd5b3a8}: 'java.lang.Object java.lang.invoke.DirectMethodHandle$Holder.newInvokeSpecial(java.lang.Object, java.lang.Object, java.lang.Object, java.lang.Object, java.lang.Object, java.lang.Object)'> (0x000000043dd5b3a8) 
thrown [src/hotspot/share/interpreter/linkResolver.cpp, line 759]
Event: 0.324 Thread 0x000000012f80b800 Exception <a 'java/lang/NoSuchMethodError'{0x000000043dd98e68}: 'java.lang.Object java.lang.invoke.DirectMethodHandle$Holder.invokeStatic(java.lang.Object, java.lang.Object, int)'> (0x000000043dd98e68) 
thrown [src/hotspot/share/interpreter/linkResolver.cpp, line 759]
Event: 0.325 Thread 0x000000012f80b800 Exception <a 'java/lang/NoSuchMethodError'{0x000000043dda7cd8}: 'void java.lang.invoke.DelegatingMethodHandle$Holder.delegate(java.lang.Object, java.lang.Object, int, java.lang.Object)'> (0x000000043dda7cd8) 
thrown [src/hotspot/share/interpreter/linkResolver.cpp, line 759]

VM Operations (20 events):
Event: 0.096 Executing VM operation: HandshakeAllThreads
Event: 0.096 Executing VM operation: HandshakeAllThreads done
Event: 0.125 Executing VM operation: HandshakeAllThreads
Event: 0.125 Executing VM operation: HandshakeAllThreads done
Event: 0.138 Executing VM operation: HandshakeAllThreads
Event: 0.138 Executing VM operation: HandshakeAllThreads done
Event: 0.139 Executing VM operation: HandshakeAllThreads
Event: 0.139 Executing VM operation: HandshakeAllThreads done
Event: 0.182 Executing VM operation: HandshakeAllThreads
Event: 0.182 Executing VM operation: HandshakeAllThreads done
Event: 0.185 Executing VM operation: HandshakeAllThreads
Event: 0.185 Executing VM operation: HandshakeAllThreads done
Event: 0.189 Executing VM operation: ICBufferFull
Event: 0.189 Executing VM operation: ICBufferFull done
Event: 0.213 Executing VM operation: HandshakeAllThreads
Event: 0.213 Executing VM operation: HandshakeAllThreads done
Event: 0.229 Executing VM operation: HandshakeAllThreads
Event: 0.229 Executing VM operation: HandshakeAllThreads done
Event: 0.333 Executing VM operation: HandshakeAllThreads
Event: 0.333 Executing VM operation: HandshakeAllThreads done

Events (20 events):
Event: 0.019 Thread 0x0000000130025800 Thread added: 0x0000000130025800
Event: 0.019 Protecting memory [0x00000001712dc000,0x00000001712e8000] with protection modes 0
Event: 0.028 Thread 0x0000000130026800 Thread added: 0x0000000130026800
Event: 0.028 Protecting memory [0x00000001714e8000,0x00000001714f4000] with protection modes 0
Event: 0.031 Thread 0x0000000130019c00 Thread added: 0x0000000130019c00
Event: 0.031 Protecting memory [0x00000001716f4000,0x0000000171700000] with protection modes 0
Event: 0.031 Thread 0x000000011f00b000 Thread added: 0x000000011f00b000
Event: 0.031 Protecting memory [0x0000000171900000,0x000000017190c000] with protection modes 0
Event: 0.038 Thread 0x000000012f80c400 Thread added: 0x000000012f80c400
Event: 0.038 Protecting memory [0x0000000171b0c000,0x0000000171b18000] with protection modes 0
Event: 0.038 Thread 0x000000012f8c6e00 Thread added: 0x000000012f8c6e00
Event: 0.038 Protecting memory [0x0000000171d18000,0x0000000171d24000] with protection modes 0
Event: 0.038 Thread 0x0000000101008200 Thread added: 0x0000000101008200
Event: 0.038 Protecting memory [0x0000000171f24000,0x0000000171f30000] with protection modes 0
Event: 0.110 Thread 0x000000012f956000 Thread added: 0x000000012f956000
Event: 0.110 Protecting memory [0x0000000172130000,0x000000017213c000] with protection modes 0
Event: 0.122 Thread 0x000000012f956600 Thread added: 0x000000012f956600
Event: 0.122 Protecting memory [0x000000017233c000,0x0000000172348000] with protection modes 0
Event: 0.209 Thread 0x0000000150809400 Thread added: 0x0000000150809400
Event: 0.209 Protecting memory [0x0000000172548000,0x0000000172554000] with protection modes 0


Dynamic libraries:
0x0000000100bec000 	/Users/wangguangwu/Library/Java/JavaVirtualMachines/corretto-17.0.12/Contents/Home/lib/libjli.dylib
0x00000001ba25e000 	/System/Library/Frameworks/Cocoa.framework/Versions/A/Cocoa
0x00000001a37f1000 	/System/Library/Frameworks/AppKit.framework/Versions/C/AppKit
0x00000001a6860000 	/System/Library/Frameworks/CoreData.framework/Versions/A/CoreData
0x00000001a10a4000 	/System/Library/Frameworks/Foundation.framework/Versions/C/Foundation
0x00000001acb71000 	/usr/lib/libSystem.B.dylib
0x00000001a4b30000 	/System/Library/PrivateFrameworks/UIFoundation.framework/Versions/A/UIFoundation
0x000000023b48c000 	/System/Library/PrivateFrameworks/CollectionViewCore.framework/Versions/A/CollectionViewCore
0x00000001b3df0000 	/System/Library/PrivateFrameworks/RemoteViewServices.framework/Versions/A/RemoteViewServices
0x00000001aaa1e000 	/System/Library/PrivateFrameworks/XCTTargetBootstrap.framework/Versions/A/XCTTargetBootstrap
0x00000001af1af000 	/System/Library/PrivateFrameworks/InternationalSupport.framework/Versions/A/InternationalSupport
0x00000001af203000 	/System/Library/PrivateFrameworks/UserActivity.framework/Versions/A/UserActivity
0x000000025f26d000 	/System/Library/PrivateFrameworks/WindowManagement.framework/Versions/A/WindowManagement
0x00000001a0d24000 	/System/Library/Frameworks/SystemConfiguration.framework/Versions/A/SystemConfiguration
0x00000001ae61b000 	/usr/lib/libspindump.dylib
0x00000001a4ce5000 	/System/Library/Frameworks/UniformTypeIdentifiers.framework/Versions/A/UniformTypeIdentifiers
0x00000001a8893000 	/usr/lib/libapp_launch_measurement.dylib
0x00000001a7cb9000 	/System/Library/PrivateFrameworks/CoreAnalytics.framework/Versions/A/CoreAnalytics
0x00000001a889a000 	/System/Library/PrivateFrameworks/CoreAutoLayout.framework/Versions/A/CoreAutoLayout
0x00000001aa23e000 	/System/Library/Frameworks/Metal.framework/Versions/A/Metal
0x00000001ab1c6000 	/usr/lib/liblangid.dylib
0x00000001aaa24000 	/System/Library/PrivateFrameworks/CoreSVG.framework/Versions/A/CoreSVG
0x00000001a56aa000 	/System/Library/PrivateFrameworks/SkyLight.framework/Versions/A/SkyLight
0x00000001a5b4c000 	/System/Library/Frameworks/CoreGraphics.framework/Versions/A/CoreGraphics
0x00000001b44cc000 	/System/Library/Frameworks/Accelerate.framework/Versions/A/Accelerate
0x00000001ae475000 	/System/Library/PrivateFrameworks/IconServices.framework/Versions/A/IconServices
0x00000001aa21c000 	/System/Library/Frameworks/IOSurface.framework/Versions/A/IOSurface
0x00000001a7ce8000 	/usr/lib/libDiagnosticMessagesClient.dylib
0x00000001acab3000 	/usr/lib/libz.1.dylib
0x00000001b7c77000 	/System/Library/Frameworks/ApplicationServices.framework/Versions/A/ApplicationServices
0x00000001aaa06000 	/System/Library/PrivateFrameworks/DFRFoundation.framework/Versions/A/DFRFoundation
0x00000001a304b000 	/usr/lib/libicucore.A.dylib
0x00000001b020d000 	/System/Library/Frameworks/AudioToolbox.framework/Versions/A/AudioToolbox
0x00000001af1be000 	/System/Library/PrivateFrameworks/DataDetectorsCore.framework/Versions/A/DataDetectorsCore
0x00000001c8c61000 	/System/Library/PrivateFrameworks/TextInput.framework/Versions/A/TextInput
0x00000001a55fb000 	/usr/lib/libMobileGestalt.dylib
0x00000001aa742000 	/System/Library/Frameworks/Carbon.framework/Versions/A/Frameworks/HIToolbox.framework/Versions/A/HIToolbox
0x00000001a81bf000 	/System/Library/Frameworks/QuartzCore.framework/Versions/A/QuartzCore
0x00000001a2c78000 	/System/Library/Frameworks/Security.framework/Versions/A/Security
0x00000001b3e30000 	/System/Library/Frameworks/Carbon.framework/Versions/A/Frameworks/SpeechRecognition.framework/Versions/A/SpeechRecognition
0x00000001a85c1000 	/System/Library/PrivateFrameworks/CoreUI.framework/Versions/A/CoreUI
0x00000001a2571000 	/System/Library/Frameworks/CoreAudio.framework/Versions/A/CoreAudio
0x00000001a7dcc000 	/System/Library/Frameworks/DiskArbitration.framework/Versions/A/DiskArbitration
0x00000001aea78000 	/System/Library/PrivateFrameworks/MultitouchSupport.framework/Versions/A/MultitouchSupport
0x00000001a55f9000 	/usr/lib/libenergytrace.dylib
0x00000001be342000 	/System/Library/PrivateFrameworks/RenderBox.framework/Versions/A/RenderBox
0x00000001a36a5000 	/System/Library/Frameworks/IOKit.framework/Versions/A/IOKit
0x00000001b4207000 	/System/Library/Frameworks/CoreServices.framework/Versions/A/CoreServices
0x00000001a881f000 	/System/Library/PrivateFrameworks/PerformanceAnalysis.framework/Versions/A/PerformanceAnalysis
0x00000001f6c8b000 	/System/Library/Frameworks/OpenGL.framework/Versions/A/OpenGL
0x00000001a88e4000 	/usr/lib/libxml2.2.dylib
0x00000001abef5000 	/System/Library/PrivateFrameworks/MobileKeyBag.framework/Versions/A/MobileKeyBag
0x000000019fb0c000 	/usr/lib/libobjc.A.dylib
0x000000019fe03000 	/usr/lib/libc++.1.dylib
0x00000001b4184000 	/System/Library/Frameworks/Accessibility.framework/Versions/A/Accessibility
0x00000001a622c000 	/System/Library/Frameworks/ColorSync.framework/Versions/A/ColorSync
0x000000019ff4f000 	/System/Library/Frameworks/CoreFoundation.framework/Versions/A/CoreFoundation
0x00000001aad81000 	/System/Library/Frameworks/CoreImage.framework/Versions/A/CoreImage
0x00000001a237c000 	/System/Library/Frameworks/CoreText.framework/Versions/A/CoreText
0x00000001fb4eb000 	/System/Library/Frameworks/CoreTransferable.framework/Versions/A/CoreTransferable
0x00000001fb9b0000 	/System/Library/Frameworks/DeveloperToolsSupport.framework/Versions/A/DeveloperToolsSupport
0x00000001aaa5f000 	/System/Library/Frameworks/ImageIO.framework/Versions/A/ImageIO
0x000000023560f000 	/System/Library/Frameworks/Symbols.framework/Versions/A/Symbols
0x00000001acb77000 	/System/Library/PrivateFrameworks/SoftLinking.framework/Versions/A/SoftLinking
0x00000001afbbf000 	/usr/lib/swift/libswiftCore.dylib
0x00000001c58e9000 	/usr/lib/swift/libswiftCoreFoundation.dylib
0x00000001c334f000 	/usr/lib/swift/libswiftCoreGraphics.dylib
0x00000001c5933000 	/usr/lib/swift/libswiftCoreImage.dylib
0x00000001c3356000 	/usr/lib/swift/libswiftDarwin.dylib
0x00000001b5877000 	/usr/lib/swift/libswiftDispatch.dylib
0x00000001c5934000 	/usr/lib/swift/libswiftIOKit.dylib
0x00000001d13bb000 	/usr/lib/swift/libswiftMetal.dylib
0x00000001deab8000 	/usr/lib/swift/libswiftOSLog.dylib
0x00000001b80f2000 	/usr/lib/swift/libswiftObjectiveC.dylib
0x00000001d5b08000 	/usr/lib/swift/libswiftQuartzCore.dylib
0x00000001d9c10000 	/usr/lib/swift/libswiftUniformTypeIdentifiers.dylib
0x00000001c58fb000 	/usr/lib/swift/libswiftXPC.dylib
0x0000000267718000 	/usr/lib/swift/libswift_Concurrency.dylib
0x00000001b80f6000 	/usr/lib/swift/libswiftos.dylib
0x00000001c8bc5000 	/usr/lib/swift/libswiftsimd.dylib
0x00000001acd26000 	/usr/lib/libcompression.dylib
0x00000001af109000 	/System/Library/PrivateFrameworks/TextureIO.framework/Versions/A/TextureIO
0x00000001ae121000 	/usr/lib/libate.dylib
0x00000001acb6b000 	/usr/lib/system/libcache.dylib
0x00000001acb25000 	/usr/lib/system/libcommonCrypto.dylib
0x00000001acb51000 	/usr/lib/system/libcompiler_rt.dylib
0x00000001acb47000 	/usr/lib/system/libcopyfile.dylib
0x000000019fc52000 	/usr/lib/system/libcorecrypto.dylib
0x000000019fd39000 	/usr/lib/system/libdispatch.dylib
0x000000019fef4000 	/usr/lib/system/libdyld.dylib
0x00000001acb61000 	/usr/lib/system/libkeymgr.dylib
0x00000001acafd000 	/usr/lib/system/libmacho.dylib
0x00000001abfdd000 	/usr/lib/system/libquarantine.dylib
0x00000001acb5e000 	/usr/lib/system/libremovefile.dylib
0x00000001a5671000 	/usr/lib/system/libsystem_asl.dylib
0x000000019fbe7000 	/usr/lib/system/libsystem_blocks.dylib
0x000000019fd84000 	/usr/lib/system/libsystem_c.dylib
0x00000001acb55000 	/usr/lib/system/libsystem_collections.dylib
0x00000001ab1b5000 	/usr/lib/system/libsystem_configuration.dylib
0x00000001aa1f1000 	/usr/lib/system/libsystem_containermanager.dylib
0x00000001ac794000 	/usr/lib/system/libsystem_coreservices.dylib
0x00000001a3312000 	/usr/lib/system/libsystem_darwin.dylib
0x0000000267a65000 	/usr/lib/system/libsystem_darwindirectory.dylib
0x00000001acb62000 	/usr/lib/system/libsystem_dnssd.dylib
0x0000000267a69000 	/usr/lib/system/libsystem_eligibility.dylib
0x000000019fd81000 	/usr/lib/system/libsystem_featureflags.dylib
0x000000019ff22000 	/usr/lib/system/libsystem_info.dylib
0x00000001acac2000 	/usr/lib/system/libsystem_m.dylib
0x000000019fcfc000 	/usr/lib/system/libsystem_malloc.dylib
0x00000001a55de000 	/usr/lib/system/libsystem_networkextension.dylib
0x00000001a3788000 	/usr/lib/system/libsystem_notify.dylib
0x00000001ab1ba000 	/usr/lib/system/libsystem_sandbox.dylib
0x0000000267a6d000 	/usr/lib/system/libsystem_sanitizers.dylib
0x00000001acb5a000 	/usr/lib/system/libsystem_secinit.dylib
0x000000019feac000 	/usr/lib/system/libsystem_kernel.dylib
0x000000019ff1a000 	/usr/lib/system/libsystem_platform.dylib
0x000000019fee7000 	/usr/lib/system/libsystem_pthread.dylib
0x00000001a7063000 	/usr/lib/system/libsystem_symptoms.dylib
0x000000019fc37000 	/usr/lib/system/libsystem_trace.dylib
0x00000001acb33000 	/usr/lib/system/libunwind.dylib
0x000000019fbec000 	/usr/lib/system/libxpc.dylib
0x000000019fe90000 	/usr/lib/libc++abi.dylib
0x00000001acb3f000 	/usr/lib/liboah.dylib
0x00000001adfcd000 	/usr/lib/liblzma.5.dylib
0x00000001acb73000 	/usr/lib/libfakelink.dylib
0x00000001a520a000 	/System/Library/Frameworks/CFNetwork.framework/Versions/A/CFNetwork
0x00000001acbc7000 	/usr/lib/libarchive.2.dylib
0x00000001b2103000 	/System/Library/Frameworks/Combine.framework/Versions/A/Combine
0x000000023b4a0000 	/System/Library/PrivateFrameworks/CollectionsInternal.framework/Versions/A/CollectionsInternal
0x000000025174f000 	/System/Library/PrivateFrameworks/ReflectionInternal.framework/Versions/A/ReflectionInternal
0x0000000251ce1000 	/System/Library/PrivateFrameworks/RuntimeInternal.framework/Versions/A/RuntimeInternal
0x000000026786c000 	/usr/lib/swift/libswift_StringProcessing.dylib
0x00000001a3623000 	/System/Library/PrivateFrameworks/CoreServicesInternal.framework/Versions/A/CoreServicesInternal
0x00000001ac004000 	/usr/lib/libbsm.0.dylib
0x00000001acb05000 	/usr/lib/system/libkxld.dylib
0x00000001a885b000 	/System/Library/Frameworks/CoreServices.framework/Versions/A/Frameworks/FSEvents.framework/Versions/A/FSEvents
0x00000001a331d000 	/System/Library/Frameworks/CoreServices.framework/Versions/A/Frameworks/CarbonCore.framework/Versions/A/CarbonCore
0x00000001a7d31000 	/System/Library/Frameworks/CoreServices.framework/Versions/A/Frameworks/Metadata.framework/Versions/A/Metadata
0x00000001ac79a000 	/System/Library/Frameworks/CoreServices.framework/Versions/A/Frameworks/OSServices.framework/Versions/A/OSServices
0x00000001acc50000 	/System/Library/Frameworks/CoreServices.framework/Versions/A/Frameworks/SearchKit.framework/Versions/A/SearchKit
0x00000001a6fe4000 	/System/Library/Frameworks/CoreServices.framework/Versions/A/Frameworks/AE.framework/Versions/A/AE
0x00000001a0428000 	/System/Library/Frameworks/CoreServices.framework/Versions/A/Frameworks/LaunchServices.framework/Versions/A/LaunchServices
0x00000001adf76000 	/System/Library/Frameworks/CoreServices.framework/Versions/A/Frameworks/DictionaryServices.framework/Versions/A/DictionaryServices
0x00000001a8868000 	/System/Library/Frameworks/CoreServices.framework/Versions/A/Frameworks/SharedFileList.framework/Versions/A/SharedFileList
0x00000001accf0000 	/usr/lib/libapple_nghttp2.dylib
0x00000001a6c58000 	/usr/lib/libsqlite3.dylib
0x00000001a706c000 	/System/Library/Frameworks/Network.framework/Versions/A/Network
0x0000000266125000 	/usr/lib/libCoreEntitlements.dylib
0x000000024c641000 	/System/Library/PrivateFrameworks/MessageSecurity.framework/Versions/A/MessageSecurity
0x00000001a6c3e000 	/System/Library/PrivateFrameworks/ProtocolBuffer.framework/Versions/A/ProtocolBuffer
0x00000001ac6c3000 	/System/Library/PrivateFrameworks/AppleFSCompression.framework/Versions/A/AppleFSCompression
0x00000001abfec000 	/usr/lib/libcoretls.dylib
0x00000001adfec000 	/usr/lib/libcoretls_cfhelpers.dylib
0x00000001acd20000 	/usr/lib/libpam.2.dylib
0x00000001ae05e000 	/usr/lib/libxar.1.dylib
0x00000001ae44c000 	/usr/lib/libheimdal-asn1.dylib
0x00000001a5209000 	/usr/lib/libnetwork.dylib
0x00000001acb78000 	/usr/lib/libpcap.A.dylib
0x00000001a7058000 	/usr/lib/libdns_services.dylib
0x00000001ab1c2000 	/System/Library/PrivateFrameworks/AppleSystemInfo.framework/Versions/A/AppleSystemInfo
0x00000001abcea000 	/System/Library/PrivateFrameworks/IOMobileFramebuffer.framework/Versions/A/IOMobileFramebuffer
0x00000002677c3000 	/usr/lib/swift/libswift_RegexParser.dylib
0x00000001ac787000 	/usr/lib/libbz2.1.0.dylib
0x00000001abfe0000 	/usr/lib/libCheckFix.dylib
0x00000001a5689000 	/System/Library/PrivateFrameworks/TCC.framework/Versions/A/TCC
0x00000001ab1c8000 	/System/Library/PrivateFrameworks/CoreNLP.framework/Versions/A/CoreNLP
0x00000001a7cea000 	/System/Library/PrivateFrameworks/MetadataUtilities.framework/Versions/A/MetadataUtilities
0x00000001ac016000 	/usr/lib/libmecab.dylib
0x00000001a0db8000 	/usr/lib/libCRFSuite.dylib
0x00000001ac072000 	/usr/lib/libgermantok.dylib
0x00000001accc7000 	/usr/lib/libThaiTokenizer.dylib
0x00000001a7dd5000 	/System/Library/Frameworks/Accelerate.framework/Versions/A/Frameworks/vImage.framework/Versions/A/vImage
0x00000001b41de000 	/System/Library/Frameworks/Accelerate.framework/Versions/A/Frameworks/vecLib.framework/Versions/A/vecLib
0x00000001ae0a5000 	/System/Library/Frameworks/Accelerate.framework/Versions/A/Frameworks/vecLib.framework/Versions/A/libvMisc.dylib
0x00000001abbc5000 	/System/Library/Frameworks/Accelerate.framework/Versions/A/Frameworks/vecLib.framework/Versions/A/libvDSP.dylib
0x00000001a082f000 	/System/Library/Frameworks/Accelerate.framework/Versions/A/Frameworks/vecLib.framework/Versions/A/libBLAS.dylib
0x00000001acdfb000 	/System/Library/Frameworks/Accelerate.framework/Versions/A/Frameworks/vecLib.framework/Versions/A/libLAPACK.dylib
0x00000001ac075000 	/System/Library/Frameworks/Accelerate.framework/Versions/A/Frameworks/vecLib.framework/Versions/A/libLinearAlgebra.dylib
0x00000001acd0b000 	/System/Library/Frameworks/Accelerate.framework/Versions/A/Frameworks/vecLib.framework/Versions/A/libSparseBLAS.dylib
0x00000001acdf6000 	/System/Library/Frameworks/Accelerate.framework/Versions/A/Frameworks/vecLib.framework/Versions/A/libQuadrature.dylib
0x00000001ab2f1000 	/System/Library/Frameworks/Accelerate.framework/Versions/A/Frameworks/vecLib.framework/Versions/A/libBNNS.dylib
0x00000001a0cbd000 	/System/Library/Frameworks/Accelerate.framework/Versions/A/Frameworks/vecLib.framework/Versions/A/libSparse.dylib
0x000000024ad90000 	/System/Library/PrivateFrameworks/MIL.framework/Versions/A/MIL
0x00000001acbae000 	/usr/lib/libiconv.2.dylib
0x00000001acaf9000 	/usr/lib/libcharset.1.dylib
0x00000001a883b000 	/System/Library/Frameworks/OpenDirectory.framework/Versions/A/Frameworks/CFOpenDirectory.framework/Versions/A/CFOpenDirectory
0x00000001a882b000 	/System/Library/Frameworks/OpenDirectory.framework/Versions/A/OpenDirectory
0x00000001adfee000 	/System/Library/PrivateFrameworks/APFS.framework/Versions/A/APFS
0x00000001abf1c000 	/System/Library/Frameworks/SecurityFoundation.framework/Versions/A/SecurityFoundation
0x00000001ae06d000 	/usr/lib/libutil.dylib
0x0000000248ee3000 	/System/Library/PrivateFrameworks/InstalledContentLibrary.framework/Versions/A/InstalledContentLibrary
0x00000001a3664000 	/System/Library/PrivateFrameworks/CoreServicesStore.framework/Versions/A/CoreServicesStore
0x0000000238c38000 	/System/Library/PrivateFrameworks/AppleMobileFileIntegrity.framework/Versions/A/AppleMobileFileIntegrity
0x00000001c58b7000 	/usr/lib/libmis.dylib
0x00000001d5fef000 	/System/Library/PrivateFrameworks/MobileSystemServices.framework/Versions/A/MobileSystemServices
0x00000001f4095000 	/System/Library/PrivateFrameworks/ConfigProfileHelper.framework/Versions/A/ConfigProfileHelper
0x00000001accc9000 	/System/Library/PrivateFrameworks/AppleSauce.framework/Versions/A/AppleSauce
0x00000001a1d02000 	/System/Library/PrivateFrameworks/LanguageModeling.framework/Versions/A/LanguageModeling
0x00000001ae071000 	/usr/lib/libxslt.1.dylib
0x00000001acbb5000 	/usr/lib/libcmph.dylib
0x00000001abcb6000 	/System/Library/PrivateFrameworks/CoreEmoji.framework/Versions/A/CoreEmoji
0x00000001ab2eb000 	/System/Library/PrivateFrameworks/LinguisticData.framework/Versions/A/LinguisticData
0x00000001a0bcb000 	/System/Library/PrivateFrameworks/Lexicon.framework/Versions/A/Lexicon
0x00000001abfaa000 	/System/Library/PrivateFrameworks/BackgroundTaskManagement.framework/Versions/A/BackgroundTaskManagement
0x0000000266313000 	/usr/lib/libTLE.dylib
0x00000001ae93e000 	/System/Library/PrivateFrameworks/AppleJPEG.framework/Versions/A/AppleJPEG
0x00000001ae431000 	/usr/lib/libexpat.1.dylib
0x00000001aef66000 	/System/Library/Frameworks/ImageIO.framework/Versions/A/Resources/libPng.dylib
0x00000001aef91000 	/System/Library/Frameworks/ImageIO.framework/Versions/A/Resources/libTIFF.dylib
0x00000001af07d000 	/System/Library/Frameworks/ImageIO.framework/Versions/A/Resources/libGIF.dylib
0x00000001ae984000 	/System/Library/Frameworks/ImageIO.framework/Versions/A/Resources/libJP2.dylib
0x00000001af022000 	/System/Library/Frameworks/ImageIO.framework/Versions/A/Resources/libJPEG.dylib
0x00000001af019000 	/System/Library/Frameworks/ImageIO.framework/Versions/A/Resources/libRadiance.dylib
0x00000001aa5dd000 	/System/Library/PrivateFrameworks/FontServices.framework/libFontParser.dylib
0x00000001a6f7d000 	/System/Library/PrivateFrameworks/RunningBoardServices.framework/Versions/A/RunningBoardServices
0x00000001bab38000 	/System/Library/PrivateFrameworks/IOSurfaceAccelerator.framework/Versions/A/IOSurfaceAccelerator
0x00000001aea74000 	/System/Library/PrivateFrameworks/WatchdogClient.framework/Versions/A/WatchdogClient
0x00000001a1ee8000 	/System/Library/Frameworks/CoreDisplay.framework/Versions/A/CoreDisplay
0x00000001aa494000 	/System/Library/Frameworks/CoreMedia.framework/Versions/A/CoreMedia
0x00000001aa234000 	/System/Library/PrivateFrameworks/IOAccelerator.framework/Versions/A/IOAccelerator
0x00000001a89ce000 	/System/Library/Frameworks/CoreVideo.framework/Versions/A/CoreVideo
0x00000001acd1e000 	/System/Library/Frameworks/MetalPerformanceShaders.framework/Versions/A/MetalPerformanceShaders
0x00000001aeab7000 	/System/Library/Frameworks/VideoToolbox.framework/Versions/A/VideoToolbox
0x00000001a8a6a000 	/System/Library/PrivateFrameworks/UserManagement.framework/Versions/A/UserManagement
0x00000001a6ea4000 	/System/Library/PrivateFrameworks/BaseBoard.framework/Versions/A/BaseBoard
0x00000001ab1c0000 	/System/Library/PrivateFrameworks/AggregateDictionary.framework/Versions/A/AggregateDictionary
0x0000000238a72000 	/System/Library/PrivateFrameworks/AppleKeyStore.framework/Versions/A/AppleKeyStore
0x00000001af014000 	/System/Library/PrivateFrameworks/GPUWrangler.framework/Versions/A/GPUWrangler
0x00000001aeff4000 	/System/Library/PrivateFrameworks/IOPresentment.framework/Versions/A/IOPresentment
0x00000001af01c000 	/System/Library/PrivateFrameworks/DSExternalDisplay.framework/Versions/A/DSExternalDisplay
0x0000000244f5c000 	/System/Library/PrivateFrameworks/GPUCompiler.framework/Versions/32023/Libraries/libllvm-flatbuffers.dylib
0x00000001f6c7e000 	/System/Library/Frameworks/OpenGL.framework/Versions/A/Libraries/libCoreFSCache.dylib
0x0000000242174000 	/System/Library/PrivateFrameworks/GPUCompiler.framework/Versions/32023/Libraries/libGPUCompilerUtils.dylib
0x00000001af083000 	/System/Library/PrivateFrameworks/CMCaptureCore.framework/Versions/A/CMCaptureCore
0x00000001fbad4000 	/System/Library/Frameworks/ExtensionFoundation.framework/Versions/A/ExtensionFoundation
0x00000001b60e0000 	/System/Library/PrivateFrameworks/CoreTime.framework/Versions/A/CoreTime
0x00000001ae605000 	/System/Library/PrivateFrameworks/AppServerSupport.framework/Versions/A/AppServerSupport
0x00000001b0b9b000 	/System/Library/PrivateFrameworks/perfdata.framework/Versions/A/perfdata
0x00000001a200c000 	/System/Library/PrivateFrameworks/AudioToolboxCore.framework/Versions/A/AudioToolboxCore
0x00000001aa46a000 	/System/Library/PrivateFrameworks/caulk.framework/Versions/A/caulk
0x00000001b0409000 	/usr/lib/libAudioStatistics.dylib
0x00000001c4bf0000 	/System/Library/PrivateFrameworks/SystemPolicy.framework/Versions/A/SystemPolicy
0x00000001b06e2000 	/usr/lib/libSMC.dylib
0x00000001ba0e0000 	/System/Library/Frameworks/CoreMIDI.framework/Versions/A/CoreMIDI
0x00000001aef2d000 	/usr/lib/libAudioToolboxUtility.dylib
0x00000001bffe2000 	/System/Library/PrivateFrameworks/OSAServicesClient.framework/Versions/A/OSAServicesClient
0x00000001b0ba9000 	/usr/lib/libperfcheck.dylib
0x00000001b5b97000 	/System/Library/PrivateFrameworks/BoardServices.framework/Versions/A/BoardServices
0x00000001ae319000 	/System/Library/PrivateFrameworks/PlugInKit.framework/Versions/A/PlugInKit
0x00000001abf0e000 	/System/Library/PrivateFrameworks/AssertionServices.framework/Versions/A/AssertionServices
0x00000001b91f1000 	/System/Library/PrivateFrameworks/ASEProcessing.framework/Versions/A/ASEProcessing
0x00000001e1f46000 	/System/Library/PrivateFrameworks/Symbolication.framework/Versions/A/Symbolication
0x0000000250538000 	/System/Library/PrivateFrameworks/PhotosensitivityProcessing.framework/Versions/A/PhotosensitivityProcessing
0x00000001ae5b6000 	/System/Library/PrivateFrameworks/GraphVisualizer.framework/Versions/A/GraphVisualizer
0x00000001f6ce0000 	/System/Library/Frameworks/OpenGL.framework/Versions/A/Libraries/libGLU.dylib
0x00000001f6c9f000 	/System/Library/Frameworks/OpenGL.framework/Versions/A/Libraries/libGFXShared.dylib
0x00000001f6e78000 	/System/Library/Frameworks/OpenGL.framework/Versions/A/Libraries/libGL.dylib
0x00000001f6ca8000 	/System/Library/Frameworks/OpenGL.framework/Versions/A/Libraries/libGLImage.dylib
0x00000001f6c9c000 	/System/Library/Frameworks/OpenGL.framework/Versions/A/Libraries/libCVMSPluginSupport.dylib
0x00000002662cb000 	/usr/lib/libRosetta.dylib
0x00000001f6c85000 	/System/Library/Frameworks/OpenGL.framework/Versions/A/Libraries/libCoreVMClient.dylib
0x000000024050e000 	/System/Library/PrivateFrameworks/FontServices.framework/Versions/A/FontServices
0x00000001ae5c2000 	/System/Library/PrivateFrameworks/OTSVG.framework/Versions/A/OTSVG
0x00000001a856f000 	/System/Library/Frameworks/ApplicationServices.framework/Versions/A/Frameworks/ATS.framework/Versions/A/Resources/libFontRegistry.dylib
0x00000001ae610000 	/System/Library/PrivateFrameworks/FontServices.framework/libhvf.dylib
0x000000024050f000 	/System/Library/PrivateFrameworks/FontServices.framework/libXTFontStaticRegistryData.dylib
0x00000001ab107000 	/System/Library/Frameworks/MetalPerformanceShaders.framework/Versions/A/Frameworks/MPSCore.framework/Versions/A/MPSCore
0x00000001ac631000 	/System/Library/Frameworks/MetalPerformanceShaders.framework/Versions/A/Frameworks/MPSImage.framework/Versions/A/MPSImage
0x00000001ac08a000 	/System/Library/Frameworks/MetalPerformanceShaders.framework/Versions/A/Frameworks/MPSNeuralNetwork.framework/Versions/A/MPSNeuralNetwork
0x00000001ac4d5000 	/System/Library/Frameworks/MetalPerformanceShaders.framework/Versions/A/Frameworks/MPSMatrix.framework/Versions/A/MPSMatrix
0x00000001ac2e0000 	/System/Library/Frameworks/MetalPerformanceShaders.framework/Versions/A/Frameworks/MPSRayIntersector.framework/Versions/A/MPSRayIntersector
0x00000001ac507000 	/System/Library/Frameworks/MetalPerformanceShaders.framework/Versions/A/Frameworks/MPSNDArray.framework/Versions/A/MPSNDArray
0x00000001fd4aa000 	/System/Library/Frameworks/MetalPerformanceShaders.framework/Versions/A/Frameworks/MPSFunctions.framework/Versions/A/MPSFunctions
0x00000001fd48f000 	/System/Library/Frameworks/MetalPerformanceShaders.framework/Versions/A/Frameworks/MPSBenchmarkLoop.framework/Versions/A/MPSBenchmarkLoop
0x00000001a06e3000 	/System/Library/PrivateFrameworks/MetalTools.framework/Versions/A/MetalTools
0x00000001c9db5000 	/System/Library/PrivateFrameworks/IOAccelMemoryInfo.framework/Versions/A/IOAccelMemoryInfo
0x00000001d5ee8000 	/System/Library/PrivateFrameworks/kperf.framework/Versions/A/kperf
0x00000001c58dc000 	/System/Library/PrivateFrameworks/GPURawCounter.framework/Versions/A/GPURawCounter
0x00000001b5fb2000 	/System/Library/PrivateFrameworks/CoreSymbolication.framework/Versions/A/CoreSymbolication
0x00000001c5888000 	/System/Library/PrivateFrameworks/MallocStackLogging.framework/Versions/A/MallocStackLogging
0x00000001ae1bb000 	/System/Library/PrivateFrameworks/CrashReporterSupport.framework/Versions/A/CrashReporterSupport
0x00000001b5f6d000 	/System/Library/PrivateFrameworks/DebugSymbols.framework/Versions/A/DebugSymbols
0x00000001d483f000 	/System/Library/PrivateFrameworks/OSAnalytics.framework/Versions/A/OSAnalytics
0x000000025d4a3000 	/System/Library/PrivateFrameworks/VideoToolboxParavirtualizationSupport.framework/Versions/A/VideoToolboxParavirtualizationSupport
0x00000001ae3e5000 	/System/Library/PrivateFrameworks/AppleVA.framework/Versions/A/AppleVA
0x00000001b0451000 	/System/Library/Frameworks/ApplicationServices.framework/Versions/A/Frameworks/ATS.framework/Versions/A/ATS
0x00000001a63db000 	/System/Library/Frameworks/ApplicationServices.framework/Versions/A/Frameworks/HIServices.framework/Versions/A/HIServices
0x00000001af091000 	/System/Library/Frameworks/ApplicationServices.framework/Versions/A/Frameworks/PrintCore.framework/Versions/A/PrintCore
0x00000001b083b000 	/System/Library/Frameworks/ApplicationServices.framework/Versions/A/Frameworks/QD.framework/Versions/A/QD
0x00000001b082f000 	/System/Library/Frameworks/ApplicationServices.framework/Versions/A/Frameworks/ColorSyncLegacy.framework/Versions/A/ColorSyncLegacy
0x00000001b0421000 	/System/Library/Frameworks/ApplicationServices.framework/Versions/A/Frameworks/SpeechSynthesis.framework/Versions/A/SpeechSynthesis
0x00000001af04d000 	/System/Library/Frameworks/ApplicationServices.framework/Versions/A/Frameworks/ATSUI.framework/Versions/A/ATSUI
0x00000001b07c2000 	/usr/lib/libcups.2.dylib
0x00000001b0bb7000 	/System/Library/Frameworks/Kerberos.framework/Versions/A/Kerberos
0x00000001b0bc8000 	/System/Library/Frameworks/GSS.framework/Versions/A/GSS
0x00000001b04d0000 	/usr/lib/libresolv.9.dylib
0x00000001ae621000 	/System/Library/PrivateFrameworks/Heimdal.framework/Versions/A/Heimdal
0x00000001b805f000 	/System/Library/Frameworks/Kerberos.framework/Versions/A/Libraries/libHeimdalProxy.dylib
0x00000001b0c22000 	/System/Library/PrivateFrameworks/CommonAuth.framework/Versions/A/CommonAuth
0x00000001fa8b8000 	/System/Library/Frameworks/AVFAudio.framework/Versions/A/AVFAudio
0x00000001c0031000 	/System/Library/PrivateFrameworks/AXCoreUtilities.framework/Versions/A/AXCoreUtilities
0x000000024a45a000 	/System/Library/PrivateFrameworks/IsolatedCoreAudioClient.framework/Versions/A/IsolatedCoreAudioClient
0x00000001b038d000 	/System/Library/PrivateFrameworks/AudioSession.framework/Versions/A/AudioSession
0x00000001b1ea2000 	/System/Library/Frameworks/IOBluetooth.framework/Versions/A/IOBluetooth
0x00000001ae4f0000 	/System/Library/PrivateFrameworks/MediaExperience.framework/Versions/A/MediaExperience
0x00000001b01cc000 	/System/Library/PrivateFrameworks/AudioSession.framework/libSessionUtility.dylib
0x00000001b0847000 	/System/Library/PrivateFrameworks/AudioResourceArbitration.framework/Versions/A/AudioResourceArbitration
0x00000001b4f25000 	/System/Library/PrivateFrameworks/PowerLog.framework/Versions/A/PowerLog
0x00000001b4e43000 	/System/Library/Frameworks/CoreBluetooth.framework/Versions/A/CoreBluetooth
0x00000001b8060000 	/System/Library/Frameworks/AudioUnit.framework/Versions/A/AudioUnit
0x00000001abd77000 	/System/Library/PrivateFrameworks/CoreUtils.framework/Versions/A/CoreUtils
0x000000023e755000 	/System/Library/PrivateFrameworks/CoreUtilsExtras.framework/Versions/A/CoreUtilsExtras
0x0000000248d70000 	/System/Library/PrivateFrameworks/IO80211.framework/Versions/A/IO80211
0x00000001b5adb000 	/System/Library/PrivateFrameworks/FrontBoardServices.framework/Versions/A/FrontBoardServices
0x00000001b7623000 	/System/Library/PrivateFrameworks/BackBoardServices.framework/Versions/A/BackBoardServices
0x00000001ae457000 	/System/Library/PrivateFrameworks/IconFoundation.framework/Versions/A/IconFoundation
0x00000001b3e1c000 	/System/Library/PrivateFrameworks/SpeechRecognitionCore.framework/Versions/A/SpeechRecognitionCore
0x00000001c0050000 	/usr/lib/libAccessibility.dylib
0x00000001b4518000 	/System/Library/Frameworks/MediaAccessibility.framework/Versions/A/MediaAccessibility
0x00000001e5601000 	/System/Library/Frameworks/OSLog.framework/Versions/A/OSLog
0x00000001c5816000 	/System/Library/PrivateFrameworks/LoggingSupport.framework/Versions/A/LoggingSupport
0x0000000101cc8000 	/Users/wangguangwu/Library/Java/JavaVirtualMachines/corretto-17.0.12/Contents/Home/lib/server/libjvm.dylib
0x000000010078c000 	/Users/wangguangwu/Library/Java/JavaVirtualMachines/corretto-17.0.12/Contents/Home/lib/libjimage.dylib
0x00000001007e8000 	/Users/wangguangwu/Library/Java/JavaVirtualMachines/corretto-17.0.12/Contents/Home/lib/libjdwp.dylib
0x0000000100830000 	/Users/wangguangwu/Library/Java/JavaVirtualMachines/corretto-17.0.12/Contents/Home/lib/libjava.dylib
0x00000001007b8000 	/Users/wangguangwu/Library/Java/JavaVirtualMachines/corretto-17.0.12/Contents/Home/lib/libinstrument.dylib
0x000000010088c000 	/Users/wangguangwu/Library/Java/JavaVirtualMachines/corretto-17.0.12/Contents/Home/lib/libzip.dylib
0x0000000265fb2000 	/usr/lib/i18n/libiconv_std.dylib
0x0000000265f9a000 	/usr/lib/i18n/libUTF8.dylib
0x0000000265fba000 	/usr/lib/i18n/libmapper_none.dylib
0x0000000100864000 	/Users/wangguangwu/Library/Java/JavaVirtualMachines/corretto-17.0.12/Contents/Home/lib/libdt_socket.dylib
0x00000001009bc000 	/Users/wangguangwu/Library/Java/JavaVirtualMachines/corretto-17.0.12/Contents/Home/lib/libnio.dylib
0x0000000100a00000 	/Users/wangguangwu/Library/Java/JavaVirtualMachines/corretto-17.0.12/Contents/Home/lib/libnet.dylib
0x00000001009dc000 	/Users/wangguangwu/Library/Java/JavaVirtualMachines/corretto-17.0.12/Contents/Home/lib/libverify.dylib
0x0000000100878000 	/Users/wangguangwu/Library/Java/JavaVirtualMachines/corretto-17.0.12/Contents/Home/lib/libmanagement.dylib
0x000000010099c000 	/Users/wangguangwu/Library/Java/JavaVirtualMachines/corretto-17.0.12/Contents/Home/lib/libmanagement_ext.dylib
0x00000001afb61000 	/usr/lib/libusrtcp.dylib
0x00000001a5140000 	/usr/lib/libboringssl.dylib
0x0000000100a24000 	/Users/wangguangwu/Library/Java/JavaVirtualMachines/corretto-17.0.12/Contents/Home/lib/libextnet.dylib


VM Arguments:
jvm_args: -agentlib:jdwp=transport=dt_socket,address=127.0.0.1:52015,suspend=y,server=n -XX:TieredStopAtLevel=1 -Dspring.output.ansi.enabled=always -Dcom.sun.management.jmxremote -Dspring.jmx.enabled=true -Dspring.liveBeansView.mbeanDomain -Dspring.application.admin.enabled=true -Dmanagement.endpoints.jmx.exposure.include=* -javaagent:/Users/wangguangwu/Library/Caches/JetBrains/IntelliJIdea2024.1/captureAgent/debugger-agent.jar -Dfile.encoding=UTF-8 
java_command: com.wangguangwu.ordermodule.OrderModuleApplication
java_class_path (initial): /Users/wangguangwu/workspace/project/wangguangwu/spring-cloud-alibaba-demo/order-module/target/classes:/Users/wangguangwu/.m2/repository/org/springframework/boot/spring-boot-starter-web/2.6.14/spring-boot-starter-web-2.6.14.jar:/Users/wangguangwu/.m2/repository/org/springframework/boot/spring-boot-starter/2.6.14/spring-boot-starter-2.6.14.jar:/Users/wangguangwu/.m2/repository/org/springframework/boot/spring-boot/2.6.14/spring-boot-2.6.14.jar:/Users/wangguangwu/.m2/repository/org/springframework/boot/spring-boot-starter-logging/2.6.14/spring-boot-starter-logging-2.6.14.jar:/Users/wangguangwu/.m2/repository/ch/qos/logback/logback-classic/1.2.11/logback-classic-1.2.11.jar:/Users/wangguangwu/.m2/repository/ch/qos/logback/logback-core/1.2.11/logback-core-1.2.11.jar:/Users/wangguangwu/.m2/repository/org/apache/logging/log4j/log4j-to-slf4j/2.17.2/log4j-to-slf4j-2.17.2.jar:/Users/wangguangwu/.m2/repository/org/apache/logging/log4j/log4j-api/2.17.2/log4j-api-2.17.2.jar:/Users/wangguangwu/.m2/repository/org/slf4j/jul-to-slf4j/1.7.36/jul-to-slf4j-1.7.36.jar:/Users/wangguangwu/.m2/repository/jakarta/annotation/jakarta.annotation-api/1.3.5/jakarta.annotation-api-1.3.5.jar:/Users/wangguangwu/.m2/repository/org/yaml/snakeyaml/1.29/snakeyaml-1.29.jar:/Users/wangguangwu/.m2/repository/org/springframework/boot/spring-boot-starter-json/2.6.14/spring-boot-starter-json-2.6.14.jar:/Users/wangguangwu/.m2/repository/com/fasterxml/jackson/core/jackson-databind/2.13.4.2/jackson-databind-2.13.4.2.jar:/Users/wangguangwu/.m2/repository/com/fasterxml/jackson/core/jackson-annotations/2.13.4/jackson-annotations-2.13.4.jar:/Users/wangguangwu/.m2/repository/com/fasterxml/jackson/core/jackson-core/2.13.4/jackson-core-2.13.4.jar:/Users/wangguangwu/.m2/repository/com/fasterxml/jackson/datatype/jackson-datatype-jdk8/2.13.4/jackson-datatype-jdk8-2.13.4.jar:/Users/wangguangwu/.m2/repository/com/fasterxml/jackson/datatype/jackson-datatype-jsr310/2.13.4/jackson-datatype-jsr310-2
Launcher Type: SUN_STANDARD

[Global flags]
     intx CICompilerCount                          = 4                                         {product} {ergonomic}
     uint ConcGCThreads                            = 2                                         {product} {ergonomic}
     uint G1ConcRefinementThreads                  = 9                                         {product} {ergonomic}
   size_t G1HeapRegionSize                         = 8388608                                   {product} {ergonomic}
    uintx GCDrainStackTargetSize                   = 64                                        {product} {ergonomic}
   size_t InitialHeapSize                          = 1073741824                                {product} {ergonomic}
     bool ManagementServer                         = true                                      {product} {command line}
   size_t MarkStackSize                            = 4194304                                   {product} {ergonomic}
   size_t MaxHeapSize                              = 17179869184                               {product} {ergonomic}
   size_t MaxNewSize                               = 10301210624                               {product} {ergonomic}
   size_t MinHeapDeltaBytes                        = 8388608                                   {product} {ergonomic}
   size_t MinHeapSize                              = 8388608                                   {product} {ergonomic}
    uintx NonProfiledCodeHeapSize                  = 0                                      {pd product} {ergonomic}
     bool ProfileInterpreter                       = false                                  {pd product} {command line}
    uintx ProfiledCodeHeapSize                     = 0                                      {pd product} {ergonomic}
   size_t SoftMaxHeapSize                          = 17179869184                            {manageable} {ergonomic}
     intx TieredStopAtLevel                        = 1                                         {product} {command line}
     bool UseCompressedClassPointers               = true                           {product lp64_product} {ergonomic}
     bool UseCompressedOops                        = true                           {product lp64_product} {ergonomic}
     bool UseG1GC                                  = true                                      {product} {ergonomic}
     bool UseNUMA                                  = false                                     {product} {ergonomic}
     bool UseNUMAInterleaving                      = false                                     {product} {ergonomic}

Logging:
Log output configuration:
 #0: stdout all=warning uptime,level,tags
 #1: stderr all=off uptime,level,tags

Environment Variables:
JAVA_HOME=/Library/Java/JavaVirtualMachines/zulu-8.jdk/Contents/Home
CLASSPATH=.:/Library/Java/JavaVirtualMachines/zulu-8.jdk/Contents/Home/lib/dt.jar:/Library/Java/JavaVirtualMachines/zulu-8.jdk/Contents/Home/lib/tools.jar:/Users/wangguangwu/workspace/tool/apache-jmeter-5.6.3/lib/ext/ApacheJMeter_core.jar:/Users/wangguangwu/workspace/tool/apache-jmeter-5.6.3/lib/jorphan.jar:/Users/wangguangwu/workspace/tool/apache-jmeter-5.6.3/lib/logkit-2.0.jar
PATH=/Library/Java/JavaVirtualMachines/zulu-8.jdk/Contents/Home/bin:/opt/homebrew/opt/lsof/bin:/opt/homebrew/bin:/Users/wangguangwu/bin:/usr/local/bin:/bin:/usr/bin:/usr/local/bin:/Library/Java/JavaVirtualMachines/zulu-8.jdk/Contents/Home/bin/:.:.:/Users/wangguangwu/workspace/tool/apache-jmeter-5.6.3/bin:/opt/homebrew/opt/lsof/bin:/opt/homebrew/bin:/Users/wangguangwu/bin:/usr/local/bin:/bin:/usr/bin:/usr/local/bin:/Library/Java/JavaVirtualMachines/zulu-8.jdk/Contents/Home/bin/:.:/sbin
SHELL=/bin/zsh
LC_CTYPE=zh_CN.UTF-8
TMPDIR=/var/folders/_y/12p3w0ls73d6g38pkjbqptvh0000gn/T/

Active Locale:
LC_ALL=C/zh_CN.UTF-8/C/C/C/C
LC_COLLATE=C
LC_CTYPE=zh_CN.UTF-8
LC_MESSAGES=C
LC_MONETARY=C
LC_NUMERIC=C
LC_TIME=C

Signal Handlers:
   SIGSEGV: crash_handler in libjvm.dylib, mask=11100110000111110111111111111111, flags=SA_RESTART|SA_SIGINFO, unblocked
    SIGBUS: crash_handler in libjvm.dylib, mask=11100110000111110111111111111111, flags=SA_RESTART|SA_SIGINFO, unblocked
    SIGFPE: crash_handler in libjvm.dylib, mask=11100110000111110111111111111111, flags=SA_RESTART|SA_SIGINFO, unblocked
   SIGPIPE: javaSignalHandler in libjvm.dylib, mask=11100110000111110111111111111111, flags=SA_RESTART|SA_SIGINFO, blocked
   SIGXFSZ: javaSignalHandler in libjvm.dylib, mask=11100110000111110111111111111111, flags=SA_RESTART|SA_SIGINFO, blocked
    SIGILL: crash_handler in libjvm.dylib, mask=11100110000111110111111111111111, flags=SA_RESTART|SA_SIGINFO, unblocked
   SIGUSR2: SR_handler in libjvm.dylib, mask=00100000000000000000000000000000, flags=SA_RESTART|SA_SIGINFO, blocked
    SIGHUP: UserHandler in libjvm.dylib, mask=11100110000111110111111111111111, flags=SA_RESTART|SA_SIGINFO, blocked
    SIGINT: UserHandler in libjvm.dylib, mask=11100110000111110111111111111111, flags=SA_RESTART|SA_SIGINFO, blocked
   SIGTERM: UserHandler in libjvm.dylib, mask=11100110000111110111111111111111, flags=SA_RESTART|SA_SIGINFO, blocked
   SIGQUIT: UserHandler in libjvm.dylib, mask=11100110000111110111111111111111, flags=SA_RESTART|SA_SIGINFO, blocked
   SIGTRAP: crash_handler in libjvm.dylib, mask=11100110000111110111111111111111, flags=SA_RESTART|SA_SIGINFO, unblocked


Periodic native trim disabled


---------------  S Y S T E M  ---------------

OS:
uname: Darwin 23.6.0 Darwin Kernel Version 23.6.0: Mon Jul 29 21:14:30 PDT 2024; root:xnu-10063.141.2~1/RELEASE_ARM64_T6000 arm64
OS uptime: 6 days 6:26 hours
rlimit (soft/hard): STACK 8176k/65520k , CORE 0k/infinity , NPROC 10666/16000 , NOFILE 10240/infinity , AS infinity/infinity , CPU infinity/infinity , DATA infinity/infinity , FSIZE infinity/infinity , MEMLOCK infinity/infinity , RSS infinity/infinity
load average: 4.15 3.84 3.71

CPU: total 10 (initial active 10) 0x61:0x0:0x1b588bb3:0, fp, simd, crc, lse
machdep.cpu.brand_string:Apple M1 Max
hw.cachelinesize:128
hw.l1icachesize:131072
hw.l1dcachesize:65536
hw.l2cachesize:4194304

Memory: 16k page, physical 67108864k(521408k free), swap 0k(0k free)

vm_info: OpenJDK 64-Bit Server VM (17.0.12+7-LTS) for bsd-aarch64 JRE (17.0.12+7-LTS), built on Jul 10 2024 20:44:14 by "ec2user" with clang Apple LLVM 14.0.0 (clang-1400.0.29.202)

END.
